year,bank_name,crar_tier1,crar_tier2,crar_total
2025,BANK OF BARODA,14.79,2.4,17.19
2025,BANK OF INDIA,15.47,2.3,17.77
2025,BANK OF MAHARASHTRA,16.86,3.67,20.53
2025,CANARA BANK,14.37,1.96,16.33
2025,CENTRAL BANK OF INDIA,14.73,2.29,17.02
2025,INDIAN BANK,15.85,2.09,17.94
2025,INDIAN OVERSEAS BANK,17.13,2.61,19.74
2025,PUNJAB AND SIND BANK,15.59,1.81,17.4
2025,PUNJAB NATIONAL BANK,14.05,2.96,17.01
2025,STATE BANK OF INDIA,12.11,2.14,14.25
2025,UCO BANK,16.37,2.12,18.49
2025,UNION BANK OF INDIA,16.24,1.78,18.02
2025,AXIS BANK LIMITED,15.07,2.0,17.07
2025,BANDHAN BANK LIMITED,17.86,0.85,18.71
2025,CITY UNION BANK LIMITED,22.7,1.05,23.75
2025,CSB BANK LIMITED,20.59,1.87,22.46
2025,DCB BANK LIMITED,14.3,2.47,16.77
2025,DHANLAXMI BANK LIMITED,15.24,0.88,16.12
2025,FEDERAL BANK LTD,15.04,1.36,16.4
2025,HDFC BANK LTD.,17.69,1.86,19.55
2025,ICICI BANK LIMITED,15.94,0.61,16.55
2025,IDBI BANK LIMITED,23.51,1.54,25.05
2025,IDFC FIRST BANK LIMITED,13.17,2.31,15.48
2025,INDUSIND BANK LTD,15.1,1.14,16.24
2025,JAMMU & KASHMIR BANK LTD,13.95,2.34,16.29
2025,KARNATAKA BANK LTD,18.35,1.5,19.85
2025,KARUR VYSYA BANK LTD,17.12,1.05,18.17
2025,KOTAK MAHINDRA BANK LTD.,21.1,1.15,22.25
2025,NAINITAL BANK LTD,15.84,0.92,16.76
2025,RBL BANK LTD,14.06,1.49,15.55
2025,SOUTH INDIAN BANK LTD,17.98,1.33,19.31
2025,TAMILNAD MERCANTILE BANK LTD,31.24,1.47,32.71
2025,YES BANK LTD.,13.5195,2.13,15.6462
2025,AB BANK PLC,87.21,0.76,87.97
2025,AMERICAN EXPRESS BANKING CORP.,13.05,4.15,17.2
2025,AUSTRALIA AND NEW ZEALAND BANKING GROUP LIMITED,15.81,2.1,17.91
2025,"BANK OF AMERICA , NATIONAL ASSOCIATION",17.12,2.02,19.14
2025,BANK OF BAHRAIN & KUWAIT B.S.C.,28.56,0.94,29.5
2025,BANK OF CEYLON,26.22,1.25,27.47
2025,BANK OF CHINA LIMITED,124.54,0.61,125.15
2025,BANK OF NOVA SCOTIA,467.41,10.48,477.89
2025,BARCLAYS BANK PLC,17.61,1.55,19.16
2025,BNP PARIBAS,14.0591,2.563,16.6221
2025,CITIBANK N.A,17.9,2.48,20.38
2025,COOPERATIEVE RABOBANK U.A.,187.44,,187.44
2025,CREDIT AGRICOLE CORPORATE AND INVESTMENT BANK,18.81,1.53,20.34
2025,"CTBC BANK CO., LTD.",23.19,0.88,24.07
2025,DBS BANK INDIA LIMITED,13.55,3.26,16.81
2025,DEUTSCHE BANK AG,16.49,1.2,17.69
2025,DOHA BANK Q.P.S.C.,40.35,1.08,41.43
2025,EMIRATES NBD BANK (P.J.S.C.),29.52,0.5,30.02
2025,FIRST ABU DHABI BANK PJSC,24.55,1.48,26.03
2025,FIRSTRAND BANK LTD,304.26,,304.26
2025,INDUSTRIAL AND COMMERCIAL BANK OF CHINA,24.29,2.5,26.79
2025,INDUSTRIAL BANK OF KOREA,95.69,0.75,96.44
2025,JPMORGAN CHASE BANK NATIONAL ASSOCIATION,17.37,2.64,20.01
2025,JSC VTB BANK,193.76,,193.76
2025,KEB HANA BANK,30.43,0.52,30.95
2025,KOOKMIN BANK,28.85,0.56,29.41
2025,MASHREQ BANK PSC,36.14,0.57,36.71
2025,MIZUHO BANK LTD,20.71,1.24,21.95
2025,"MUFG BANK, LTD.",15.8482,0.66,16.5097
2025,NATWEST MARKETS PLC,371.04,7.36,378.4
2025,NONGHYUP BANK,82.69,0.17,82.86
2025,PT BANK MAYBANK INDONESIA TBK,74.03,0.84,74.87
2025,QATAR NATIONAL BANK (Q.P.S.C),37.31,0.48,37.79
2025,SBERBANK,165.29,0.25,165.54
2025,SBM BANK (INDIA) LIMITED,11.64,3.88,15.52
2025,SHINHAN BANK,15.97,0.97,16.94
2025,SOCIETE GENERALE,24.63,1.38,26.01
2025,SONALI BANK PLC,167.29,0.38,167.67
2025,STANDARD CHARTERED BANK,13.93,1.23,15.16
2025,SUMITOMO MITSUI BANKING CORPORATION,22.32,0.97,23.29
2025,THE HONGKONG AND SHANGHAI BANKING CORPORATION LIMITED,14.96,1.38,16.34
2025,UBS AG,175.4,3.36,178.76
2025,UNITED OVERSEAS BANK LTD,165.4,2.38,167.78
2025,WOORI BANK,35.71,2.04,37.75
2024,BANK OF BARODA,14.07,2.24,16.31
2024,BANK OF INDIA,14.93,2.03,16.96
2024,BANK OF MAHARASHTRA,13.72,3.66,17.38
2024,CANARA BANK,13.95,2.33,16.28
2024,CENTRAL BANK OF INDIA,12.46,2.62,15.08
2024,INDIAN BANK,14.03,2.41,16.44
2024,INDIAN OVERSEAS BANK,14.47,2.8,17.27
2024,PUNJAB AND SIND BANK,14.74,2.42,17.16
2024,PUNJAB NATIONAL BANK,13.17,2.8,15.97
2024,STATE BANK OF INDIA,11.93,2.35,14.28
2024,UCO BANK,14.54,2.44,16.98
2024,UNION BANK OF INDIA,15.0,1.97,16.97
2024,AXIS BANK LIMITED,14.2,2.43,16.63
2024,BANDHAN BANK LIMITED,13.83,0.86,14.69
2024,CITY UNION BANK LIMITED,22.69,1.04,23.73
2024,CSB BANK LIMITED,23.1,1.37,24.47
2024,DCB BANK LIMITED,14.53,2.06,16.59
2024,DHANLAXMI BANK LIMITED,11.36,1.35,12.71
2024,FEDERAL BANK LTD,14.61,1.52,16.13
2024,HDFC BANK LTD.,16.79,2.01,18.8
2024,ICICI BANK LIMITED,15.6,0.73,16.33
2024,IDBI BANK LIMITED,20.11,2.15,22.26
2024,IDFC FIRST BANK LIMITED,13.36,2.75,16.11
2024,INDUSIND BANK LTD,15.82,1.41,17.23
2024,JAMMU & KASHMIR BANK LTD,13.09,2.24,15.33
2024,KARNATAKA BANK LTD,16.17,1.83,18.0
2024,KARUR VYSYA BANK LTD,15.46,1.21,16.67
2024,KOTAK MAHINDRA BANK LTD.,19.25,1.3,20.55
2024,NAINITAL BANK LTD,14.26,0.96,15.22
2024,RBL BANK LTD,14.38,1.8,16.18
2024,SOUTH INDIAN BANK LTD,17.65,2.26,19.91
2024,TAMILNAD MERCANTILE BANK LTD,27.97,1.4,29.37
2024,YES BANK LTD.,12.18,3.18,15.36
2024,AB BANK LIMITED,95.61,0.71,96.32
2024,AMERICAN EXPRESS BANKING CORP.,16.28,7.2,23.48
2024,AUSTRALIA AND NEW ZEALAND BANKING GROUP LIMITED,19.64,0.79,20.43
2024,"BANK OF AMERICA , NATIONAL ASSOCIATION",16.76,1.7,18.46
2024,BANK OF BAHRAIN & KUWAIT B.S.C.,22.02,0.85,22.87
2024,BANK OF CEYLON,32.01,1.25,33.26
2024,BANK OF CHINA LIMITED,133.14,0.47,133.61
2024,BANK OF NOVA SCOTIA,499.59,11.29,510.88
2024,BARCLAYS BANK PLC,14.55,1.38,15.93
2024,BNP PARIBAS,14.02,2.98,17.0
2024,CITIBANK N.A,16.71,2.0,18.71
2024,COOPERATIEVE RABOBANK U.A.,159.88,0.88,160.76
2024,CREDIT AGRICOLE CORPORATE AND INVESTMENT BANK,12.22,2.18,14.4
2024,CREDIT SUISSE AG,85.12,1.85,86.97
2024,"CTBC BANK CO., LTD.",33.91,1.19,35.1
2024,DBS BANK INDIA LIMITED,13.3,2.45,15.75
2024,DEUTSCHE BANK AG,14.53,1.73,16.26
2024,DOHA BANK Q.P.S.C.,39.06,0.94,40.0
2024,EMIRATES NBD BANK (P.J.S.C.),37.61,1.3,38.91
2024,FIRST ABU DHABI BANK PJSC,34.26,3.14,37.4
2024,FIRSTRAND BANK LTD,252.41,0.33,252.74
2024,INDUSTRIAL AND COMMERCIAL BANK OF CHINA,21.04,0.87,21.91
2024,INDUSTRIAL BANK OF KOREA,65.61,0.75,66.36
2024,JPMORGAN CHASE BANK NATIONAL ASSOCIATION,18.92,2.59,21.51
2024,JSC VTB BANK,188.29,,188.29
2024,KEB HANA BANK,30.45,0.51,30.96
2024,KOOKMIN BANK,34.45,0.57,35.02
2024,KRUNG THAI BANK PUBLIC COMPANY LIMITED,277.37,1.25,278.62
2024,MASHREQ BANK PSC,65.43,0.88,66.31
2024,MIZUHO BANK LTD,22.44,0.93,23.37
2024,"MUFG BANK, LTD.",21.8932,0.98,22.8733
2024,NATWEST MARKETS PLC,313.12,0.3,313.42
2024,NONGHYUP BANK,122.8,0.21,123.01
2024,PT BANK MAYBANK INDONESIA TBK,90.49,0.28,90.77
2024,QATAR NATIONAL BANK (Q.P.S.C),41.7,0.36,42.06
2024,SBERBANK,143.93,0.06,143.99
2024,SBM BANK (INDIA) LIMITED,12.3,4.6,16.9
2024,SHINHAN BANK,17.13,0.88,18.01
2024,SOCIETE GENERALE,27.84,1.42,29.26
2024,SONALI BANK,127.12,0.29,127.41
2024,STANDARD CHARTERED BANK,14.4,1.79,16.19
2024,SUMITOMO MITSUI BANKING CORPORATION,19.51,0.82,20.33
2024,THE HONGKONG AND SHANGHAI BANKING CORPORATION LIMITED,13.95,1.93,15.88
2024,UNITED OVERSEAS BANK LTD,146.73,2.08,148.81
2024,WOORI BANK,33.22,1.67,34.89
2023,BANK OF BARODA,13.99,2.25,16.24
2023,BANK OF INDIA,14.41,1.87,16.28
2023,BANK OF MAHARASHTRA,14.25,3.89,18.14
2023,CANARA BANK,13.78,2.9,16.68
2023,CENTRAL BANK OF INDIA,12.11,2.01,14.12
2023,INDIAN BANK,13.48,3.01,16.49
2023,INDIAN OVERSEAS BANK,12.88,3.22,16.1
2023,PUNJAB AND SIND BANK,14.32,2.78,17.1
2023,PUNJAB NATIONAL BANK,12.69,2.81,15.5
2023,STATE BANK OF INDIA,12.06,2.62,14.68
2023,UCO BANK,13.96,2.55,16.51
2023,UNION BANK OF INDIA,13.91,2.13,16.04
2023,AXIS BANK LIMITED,14.57,3.07,17.64
2023,BANDHAN BANK LIMITED,18.7,1.06,19.76
2023,CITY UNION BANK LIMITED,21.27,1.07,22.34
2023,CSB BANK LIMITED,25.87,1.23,27.1
2023,DCB BANK LIMITED,15.18,2.37,17.55
2023,DHANLAXMI BANK LIMITED,10.55,1.77,12.32
2023,FEDERAL BANK LTD,13.02,1.79,14.81
2023,HDFC BANK LTD.,17.13,2.13,19.26
2023,ICICI BANK LIMITED,17.6,0.74,18.34
2023,IDBI BANK LIMITED,18.08,2.36,20.44
2023,IDFC FIRST BANK LIMITED,14.2,2.62,16.82
2023,INDUSIND BANK LTD,16.37,1.49,17.86
2023,JAMMU & KASHMIR BANK LTD,12.34,3.04,15.38
2023,KARNATAKA BANK LTD,14.18,3.27,17.45
2023,KARUR VYSYA BANK LTD,16.79,1.77,18.56
2023,KOTAK MAHINDRA BANK LTD.,20.78,1.02,21.8
2023,NAINITAL BANK LTD,15.23,1.01,16.24
2023,RBL BANK LTD,15.25,1.67,16.92
2023,SOUTH INDIAN BANK LTD,14.74,2.51,17.25
2023,TAMILNAD MERCANTILE BANK LTD,24.61,1.65,26.26
2023,YES BANK LTD.,13.26,4.66,17.92
2023,AB BANK LIMITED,69.84,0.71,70.55
2023,AMERICAN EXPRESS BANKING CORP.,18.79,13.55,32.34
2023,AUSTRALIA AND NEW ZEALAND BANKING GROUP LIMITED,18.73,1.38,20.11
2023,"BANK OF AMERICA , NATIONAL ASSOCIATION",18.39,1.43,19.82
2023,BANK OF BAHRAIN & KUWAIT B.S.C.,21.36,0.77,22.13
2023,BANK OF CEYLON,29.5,1.25,30.75
2023,BANK OF CHINA LIMITED,108.26,0.33,108.59
2023,BANK OF NOVA SCOTIA,129.17,3.1,132.27
2023,BARCLAYS BANK PLC,15.94,1.34,17.28
2023,BNP PARIBAS,12.98,2.85,15.83
2023,CITIBANK N.A,18.7,1.98,20.68
2023,COOPERATIEVE RABOBANK U.A.,73.21,1.19,74.4
2023,CREDIT AGRICOLE CORPORATE AND INVESTMENT BANK,11.62,2.03,13.65
2023,CREDIT SUISSE AG,43.78,3.18,46.96
2023,"CTBC BANK CO., LTD.",22.31,1.22,23.53
2023,DBS BANK INDIA LIMITED,12.55,2.44,14.99
2023,DEUTSCHE BANK AG,14.14,1.27,15.41
2023,DOHA BANK Q.P.S.C.,28.36,0.98,29.34
2023,EMIRATES NBD BANK (P.J.S.C.),50.64,1.61,52.25
2023,FIRST ABU DHABI BANK PJSC,30.78,2.38,33.16
2023,FIRSTRAND BANK LTD,217.88,0.22,218.1
2023,INDUSTRIAL AND COMMERCIAL BANK OF CHINA,28.78,2.08,30.86
2023,INDUSTRIAL BANK OF KOREA,69.42,0.6,70.02
2023,JPMORGAN CHASE BANK NATIONAL ASSOCIATION,19.52,2.39,21.91
2023,JSC VTB BANK,116.72,,116.72
2023,KEB HANA BANK,30.54,0.54,31.08
2023,KOOKMIN BANK,43.27,0.63,43.9
2023,KRUNG THAI BANK PUBLIC COMPANY LIMITED,231.47,1.25,232.72
2023,MASHREQ BANK PSC,68.55,0.96,69.51
2023,MIZUHO BANK LTD,17.39,0.82,18.21
2023,"MUFG BANK, LTD.",23.56,0.72,24.28
2023,NATWEST MARKETS PLC,347.71,0.44,348.15
2023,PT BANK MAYBANK INDONESIA TBK,59.9,0.23,60.13
2023,QATAR NATIONAL BANK (Q.P.S.C),51.85,0.45,52.3
2023,SBERBANK,135.27,0.07,135.34
2023,SBM BANK (INDIA) LIMITED,11.46,4.7,16.16
2023,SHINHAN BANK,20.2,0.94,21.14
2023,SOCIETE GENERALE,22.48,1.16,23.64
2023,SONALI BANK,67.38,0.44,67.82
2023,STANDARD CHARTERED BANK,15.58,1.71,17.29
2023,SUMITOMO MITSUI BANKING CORPORATION,34.12,1.02,35.14
2023,THE HONGKONG AND SHANGHAI BANKING CORPORATION LIMITED,15.0,1.6,16.6
2023,UNITED OVERSEAS BANK LTD,179.36,1.57,180.93
2023,WOORI BANK,48.06,5.24,53.3
2022,BANK OF BARODA,13.18,2.5,15.68
2022,BANK OF INDIA,13.92,2.59,16.51
2022,BANK OF MAHARASHTRA,12.38,4.1,16.48
2022,CANARA BANK,11.91,2.99,14.9
2022,CENTRAL BANK OF INDIA,11.48,2.36,13.84
2022,INDIAN BANK,13.17,3.36,16.53
2022,INDIAN OVERSEAS BANK,10.71,3.12,13.83
2022,PUNJAB AND SIND BANK,14.8,3.74,18.54
2022,PUNJAB NATIONAL BANK,11.73,2.77,14.5
2022,STATE BANK OF INDIA,11.42,2.41,13.83
2022,UCO BANK,10.97,2.77,13.74
2022,UNION BANK OF INDIA,12.2,2.32,14.52
2022,AXIS BANK LIMITED,16.34,2.2,18.54
2022,BANDHAN BANK LIMITED,18.89,1.21,20.1
2022,CITY UNION BANK LIMITED,19.78,1.07,20.85
2022,CSB BANK LIMITED,24.35,1.55,25.9
2022,DCB BANK LIMITED,15.84,3.08,18.92
2022,DHANLAXMI BANK LIMITED,10.31,2.67,12.98
2022,FEDERAL BANK LTD,14.43,1.34,15.77
2022,HDFC BANK LTD.,17.87,1.03,18.9
2022,ICICI BANK LIMITED,18.35,0.81,19.16
2022,IDBI BANK LIMITED,16.68,2.38,19.06
2022,IDFC FIRST BANK LIMITED,14.88,1.86,16.74
2022,INDUSIND BANK LTD,16.8,1.62,18.42
2022,JAMMU & KASHMIR BANK LTD,11.73,1.5,13.23
2022,KARNATAKA BANK LTD,12.65,3.01,15.66
2022,KARUR VYSYA BANK LTD,17.27,1.94,19.21
2022,KOTAK MAHINDRA BANK LTD.,21.67,1.02,22.69
2022,NAINITAL BANK LTD,12.71,0.92,13.63
2022,RBL BANK LTD,16.21,0.61,16.82
2022,SOUTH INDIAN BANK LTD,13.22,2.64,15.86
2022,TAMILNAD MERCANTILE BANK LTD,20.44,1.62,22.06
2022,YES BANK LTD.,11.6,5.83,17.43
2022,AB BANK LIMITED,52.57,0.51,53.08
2022,ABU DHABI COMMERCIAL BANK PJSC,278.08,,278.08
2022,AMERICAN EXPRESS BANKING CORP.,18.24,10.49,28.73
2022,AUSTRALIA AND NEW ZEALAND BANKING GROUP LIMITED,25.43,1.26,26.69
2022,"BANK OF AMERICA , NATIONAL ASSOCIATION",18.62,1.0,19.62
2022,BANK OF BAHRAIN & KUWAIT B.S.C.,24.89,1.2,26.09
2022,BANK OF CEYLON,28.86,1.02,29.88
2022,BANK OF CHINA LIMITED,132.08,0.2,132.28
2022,BANK OF NOVA SCOTIA,55.92,2.15,58.07
2022,BARCLAYS BANK PLC,23.33,1.71,25.04
2022,BNP PARIBAS,14.22,2.99,17.21
2022,CITIBANK N.A,15.74,1.69,17.43
2022,COOPERATIEVE RABOBANK U.A.,26.88,1.04,27.92
2022,CREDIT AGRICOLE CORPORATE AND INVESTMENT BANK,12.61,2.26,14.87
2022,CREDIT SUISSE AG,55.73,4.29,60.02
2022,"CTBC BANK CO., LTD.",30.56,1.26,31.82
2022,DBS BANK INDIA LIMITED,13.71,2.58,16.29
2022,DEUTSCHE BANK AG,14.73,1.45,16.18
2022,DOHA BANK Q.P.S.C.,27.4,0.86,28.26
2022,EMIRATES NBD BANK (P.J.S.C.),73.94,1.37,75.31
2022,FIRST ABU DHABI BANK PJSC,30.95,2.55,33.5
2022,FIRSTRAND BANK LTD,187.85,0.19,188.04
2022,HONGKONG AND SHANGHAI BANKING CORPN.LTD.,14.79,1.71,16.5
2022,INDUSTRIAL AND COMMERCIAL BANK OF CHINA,30.35,1.7,32.05
2022,INDUSTRIAL BANK OF KOREA,88.94,0.59,89.53
2022,JPMORGAN CHASE BANK NATIONAL ASSOCIATION,21.57,1.96,23.53
2022,JSC VTB BANK,587.48,,587.48
2022,KEB HANA BANK,46.33,0.62,46.95
2022,KOOKMIN BANK,49.87,0.48,50.35
2022,KRUNG THAI BANK PUBLIC COMPANY LIMITED,163.17,1.25,164.42
2022,MASHREQ BANK PSC,159.65,1.01,160.66
2022,MIZUHO BANK LTD,17.91,0.73,18.64
2022,"MUFG BANK, LTD.",21.64,1.25,22.89
2022,PT BANK MAYBANK INDONESIA TBK,88.35,0.2,88.55
2022,QATAR NATIONAL BANK (Q.P.S.C),27.84,0.41,28.25
2022,SBERBANK,90.05,0.07,90.12
2022,SBM BANK (INDIA) LIMITED,16.06,1.22,17.28
2022,SHINHAN BANK,24.79,1.08,25.87
2022,SOCIETE GENERALE,23.13,1.34,24.47
2022,SONALI BANK,15.29,0.25,15.54
2022,STANDARD CHARTERED BANK,14.79,1.16,15.95
2022,SUMITOMO MITSUI BANKING CORPORATION,27.12,0.59,27.71
2022,THE ROYAL BANK OF SCOTLAND N.V.,306.05,0.37,306.42
2022,UNITED OVERSEAS BANK LTD,284.74,3.24,287.98
2022,WOORI BANK,45.82,2.42,48.24
2021,BANK OF BARODA,12.67,2.32,14.99
2021,BANK OF INDIA,11.96,2.97,14.93
2021,BANK OF MAHARASHTRA,10.97,3.52,14.49
2021,CANARA BANK,10.08,3.1,13.18
2021,CENTRAL BANK OF INDIA,12.82,1.99,14.81
2021,INDIAN BANK,11.93,3.78,15.71
2021,INDIAN OVERSEAS BANK,12.91,2.41,15.32
2021,PUNJAB AND SIND BANK,13.98,3.08,17.06
2021,PUNJAB NATIONAL BANK,11.49,2.83,14.32
2021,STATE BANK OF INDIA,11.44,2.3,13.74
2021,UCO BANK,11.14,2.6,13.74
2021,UNION BANK OF INDIA,10.35,2.21,12.56
2021,AXIS BANK LIMITED,16.47,2.65,19.12
2021,BANDHAN BANK LIMITED,22.48,0.99,23.47
2021,CITY UNION BANK LIMITED,18.45,1.07,19.52
2021,CSB BANK LIMITED,19.96,1.41,21.37
2021,DCB BANK LIMITED,15.49,4.18,19.67
2021,DHANLAXMI BANK LIMITED,11.31,3.16,14.47
2021,FEDERAL BANK LTD,13.85,0.77,14.62
2021,HDFC BANK LTD.,17.56,1.23,18.79
2021,ICICI BANK LIMITED,18.06,1.06,19.12
2021,IDBI BANK LIMITED,13.06,2.53,15.59
2021,IDFC FIRST BANK LIMITED,13.27,0.5,13.77
2021,INDUSIND BANK LTD,16.83,0.55,17.38
2021,JAMMU & KASHMIR BANK LTD,10.28,1.92,12.2
2021,KARNATAKA BANK LTD,12.34,2.51,14.85
2021,KARUR VYSYA BANK LTD,16.95,2.03,18.98
2021,KOTAK MAHINDRA BANK LTD.,21.38,0.88,22.26
2021,NAINITAL BANK LTD,12.88,0.79,13.67
2021,RBL BANK LTD,16.64,0.86,17.5
2021,SOUTH INDIAN BANK LTD,12.79,2.63,15.42
2021,TAMILNAD MERCANTILE BANK LTD,17.93,1.01,18.94
2021,YES BANK LTD.,11.3,6.2,17.5
2021,AB BANK LIMITED,34.94,0.4,35.34
2021,ABU DHABI COMMERCIAL BANK PJSC,201.29,,201.29
2021,AMERICAN EXPRESS BANKING CORP.,21.42,16.12,37.54
2021,AUSTRALIA AND NEW ZEALAND BANKING GROUP LIMITED,31.73,1.09,32.82
2021,"BANK OF AMERICA , NATIONAL ASSOCIATION",18.95,1.09,20.04
2021,BANK OF BAHRAIN & KUWAIT B.S.C.,22.84,1.01,23.85
2021,BANK OF CEYLON,29.89,1.25,31.14
2021,BANK OF CHINA LIMITED,127.6,0.29,127.89
2021,BANK OF NOVA SCOTIA,45.77,2.42,48.19
2021,BARCLAYS BANK PLC,14.23,1.21,15.44
2021,BNP PARIBAS,14.1,2.66,16.76
2021,CITIBANK N.A,14.45,1.77,16.22
2021,COOPERATIEVE RABOBANK U.A.,34.48,1.03,35.51
2021,CREDIT AGRICOLE CORPORATE AND INVESTMENT BANK,11.55,2.34,13.89
2021,CREDIT SUISSE AG,32.61,2.01,34.62
2021,"CTBC BANK CO., LTD.",35.54,1.26,36.8
2021,DBS BANK INDIA LIMITED,12.34,2.79,15.13
2021,DEUTSCHE BANK AG,15.81,1.47,17.28
2021,DOHA BANK Q.P.S.C.,30.74,0.8,31.54
2021,EMIRATES NBD BANK (P.J.S.C.),77.9,1.57,79.47
2021,FIRST ABU DHABI BANK PJSC,37.39,2.29,39.68
2021,FIRSTRAND BANK LTD,44.61,1.42,46.03
2021,HONGKONG AND SHANGHAI BANKING CORPN.LTD.,15.14,1.93,17.07
2021,INDUSTRIAL AND COMMERCIAL BANK OF CHINA,32.19,0.36,32.55
2021,INDUSTRIAL BANK OF KOREA,93.12,0.68,93.8
2021,JPMORGAN CHASE BANK NATIONAL ASSOCIATION,22.27,1.68,23.95
2021,JSC VTB BANK,394.9,,394.9
2021,KEB HANA BANK,59.33,0.61,59.94
2021,KOOKMIN BANK,64.59,0.29,64.88
2021,KRUNG THAI BANK PUBLIC COMPANY LIMITED,100.49,1.25,101.74
2021,MASHREQ BANK PSC,45.21,0.91,46.12
2021,MIZUHO BANK LTD,19.58,0.63,20.21
2021,"MUFG BANK, LTD.",21.14,1.25,22.39
2021,PT BANK MAYBANK INDONESIA TBK,115.83,0.2,116.03
2021,QATAR NATIONAL BANK (Q.P.S.C),42.69,0.31,43.0
2021,SBERBANK,95.3,0.05,95.35
2021,SBM BANK (INDIA) LIMITED,19.46,1.26,20.72
2021,SHINHAN BANK,24.56,0.63,25.19
2021,SOCIETE GENERALE,15.88,1.19,17.07
2021,SONALI BANK,13.92,0.19,14.11
2021,STANDARD CHARTERED BANK,14.53,1.17,15.7
2021,SUMITOMO MITSUI BANKING CORPORATION,31.72,0.72,32.44
2021,THE ROYAL BANK OF SCOTLAND N.V.,289.93,0.43,290.36
2021,UNITED OVERSEAS BANK LTD,178.59,3.31,181.9
2021,WOORI BANK,27.5,1.59,29.09
2020,ALLAHABAD BANK,8.01,4.0,12.01
2020,ANDHRA BANK,8.16,2.96,11.12
2020,BANK OF BARODA,10.71,2.59,13.3
2020,BANK OF INDIA,9.9,3.2,13.1
2020,BANK OF MAHARASHTRA,10.67,2.85,13.52
2020,CANARA BANK,10.12,3.53,13.65
2020,CENTRAL BANK OF INDIA,9.33,2.39,11.72
2020,CORPORATION BANK,9.04,2.49,11.53
2020,INDIAN BANK,12.08,2.04,14.12
2020,INDIAN OVERSEAS BANK,8.21,2.51,10.72
2020,ORIENTAL BANK OF COMMERCE,8.91,2.64,11.55
2020,PUNJAB AND SIND BANK,9.58,3.18,12.76
2020,PUNJAB NATIONAL BANK,11.91,2.24,14.15
2020,STATE BANK OF INDIA,11.0,2.06,13.06
2020,SYNDICATE BANK,8.41,3.1,11.51
2020,UCO BANK,8.98,2.72,11.7
2020,UNION BANK OF INDIA,10.75,2.06,12.81
2020,UNITED BANK OF INDIA,3.56,2.0,5.56
2020,AXIS BANK LIMITED,14.49,3.04,17.53
2020,BANDHAN BANK LIMITED,25.19,2.24,27.43
2020,CITY UNION BANK LIMITED,15.8,0.96,16.76
2020,CSB BANK LIMITED,21.79,0.67,22.46
2020,DCB BANK LIMITED,13.9,3.85,17.75
2020,DHANLAXMI BANK LIMITED,10.69,3.72,14.41
2020,FEDERAL BANK LTD,13.29,1.06,14.35
2020,HDFC BANK LTD.,17.23,1.29,18.52
2020,ICICI BANK LIMITED,14.72,1.39,16.11
2020,IDBI BANK LIMITED,10.57,2.74,13.31
2020,IDFC FIRST BANK LIMITED,13.3,0.08,13.38
2020,INDUSIND BANK LTD,14.57,0.47,15.04
2020,JAMMU & KASHMIR BANK LTD,9.88,1.53,11.41
2020,KARNATAKA BANK LTD,10.66,2.22,12.88
2020,KARUR VYSYA BANK LTD,15.27,1.9,17.17
2020,KOTAK MAHINDRA BANK LTD.,17.27,0.62,17.89
2020,LAKSHMI VILAS BANK LTD,-0.88,2.0,1.12
2020,NAINITAL BANK LTD,12.45,0.49,12.94
2020,RBL BANK LTD,15.33,1.12,16.45
2020,SOUTH INDIAN BANK LTD,10.79,2.62,13.41
2020,TAMILNAD MERCANTILE BANK LTD,15.87,0.87,16.74
2020,YES BANK LTD.,6.46,2.0,8.46
2020,AB BANK LIMITED,44.44,0.56,45.0
2020,ABU DHABI COMMERCIAL BANK PJSC,206.85,,206.85
2020,AMERICAN EXPRESS BANKING CORP.,17.56,22.88,40.44
2020,AUSTRALIA AND NEW ZEALAND BANKING GROUP LIMITED,13.63,1.07,14.7
2020,"BANK OF AMERICA , NATIONAL ASSOCIATION",16.72,0.9,17.62
2020,BANK OF BAHRAIN & KUWAIT B.S.C.,22.25,0.52,22.77
2020,BANK OF CEYLON,32.11,1.25,33.36
2020,BANK OF CHINA LIMITED,175.07,0.06,175.13
2020,BANK OF NOVA SCOTIA,30.63,1.09,31.72
2020,BARCLAYS BANK PLC,14.87,0.8,15.67
2020,BNP PARIBAS,13.03,1.98,15.01
2020,CITIBANK N.A,13.81,1.8,15.61
2020,COOPERATIEVE RABOBANK U.A.,37.35,0.98,38.33
2020,CREDIT AGRICOLE CORPORATE AND INVESTMENT BANK,10.17,2.26,12.43
2020,CREDIT SUISSE AG,33.56,0.22,33.78
2020,"CTBC BANK CO., LTD.",38.71,1.02,39.73
2020,DBS BANK INDIA LIMITED,13.12,3.21,16.33
2020,DEUTSCHE BANK AG,14.11,0.82,14.93
2020,DOHA BANK Q.P.S.C.,26.06,0.81,26.87
2020,EMIRATES NBD BANK (P.J.S.C.),84.68,1.37,86.05
2020,FIRST ABU DHABI BANK PJSC,37.33,1.2,38.53
2020,FIRSTRAND BANK LTD,29.09,0.9,29.99
2020,HONGKONG AND SHANGHAI BANKING CORPN.LTD.,14.38,1.73,16.11
2020,INDUSTRIAL AND COMMERCIAL BANK OF CHINA,24.31,0.33,24.64
2020,INDUSTRIAL BANK OF KOREA,104.67,0.65,105.32
2020,JPMORGAN CHASE BANK NATIONAL ASSOCIATION,14.14,0.79,14.93
2020,JSC VTB BANK,294.18,0.83,295.01
2020,KEB HANA BANK,41.69,0.61,42.3
2020,KOOKMIN BANK,109.83,0.3,110.13
2020,KRUNG THAI BANK PUBLIC COMPANY LIMITED,64.18,1.25,65.43
2020,MASHREQ BANK PSC,48.3,0.91,49.21
2020,MIZUHO BANK LTD,18.83,0.58,19.41
2020,"MUFG BANK, LTD.",18.74,0.94,19.68
2020,PT BANK MAYBANK INDONESIA TBK,106.89,0.28,107.17
2020,QATAR NATIONAL BANK (Q.P.S.C),45.1,0.42,45.52
2020,SBERBANK,105.78,0.14,105.92
2020,SBM BANK (INDIA) LIMITED,31.48,0.96,32.44
2020,SHINHAN BANK,21.07,0.53,21.6
2020,SOCIETE GENERALE,11.6,0.98,12.58
2020,SONALI BANK,16.53,0.15,16.68
2020,STANDARD CHARTERED BANK,13.91,0.98,14.89
2020,SUMITOMO MITSUI BANKING CORPORATION,40.1,0.76,40.86
2020,THE ROYAL BANK OF SCOTLAND N.V.,283.56,0.54,284.1
2020,UNITED OVERSEAS BANK LTD,171.03,0.75,171.78
2020,WESTPAC BANKING CORPORATION,63.83,,63.83
2020,WOORI BANK,32.22,0.94,33.16
2019,ALLAHABAD BANK,9.68,2.83,12.51
2019,ANDHRA BANK,10.38,3.3,13.68
2019,BANK OF BARODA,11.55,1.87,13.42
2019,BANK OF INDIA,11.07,3.12,14.19
2019,BANK OF MAHARASHTRA,9.91,1.95,11.86
2019,CANARA BANK,9.04,2.86,11.9
2019,CENTRAL BANK OF INDIA,7.49,2.12,9.61
2019,CORPORATION BANK,10.52,1.78,12.3
2019,DENA BANK,,2.0,2.0
2019,INDIAN BANK,11.29,1.92,13.21
2019,INDIAN OVERSEAS BANK,7.85,2.36,10.21
2019,ORIENTAL BANK OF COMMERCE,9.98,2.75,12.73
2019,PUNJAB AND SIND BANK,9.5,1.43,10.93
2019,PUNJAB NATIONAL BANK,7.49,2.24,9.73
2019,STATE BANK OF INDIA,10.65,2.07,12.72
2019,SYNDICATE BANK,11.36,2.87,14.23
2019,UCO BANK,8.64,2.06,10.7
2019,UNION BANK OF INDIA,9.48,2.3,11.78
2019,UNITED BANK OF INDIA,10.14,2.86,13.0
2019,VIJAYA BANK,8.14,2.0,10.14
2019,AXIS BANK LIMITED,12.54,3.3,15.84
2019,BANDHAN BANK LIMITED,27.88,1.32,29.2
2019,CITY UNION BANK LIMITED,15.03,0.52,15.55
2019,CSB BANK LIMITED,16.03,0.67,16.7
2019,DCB BANK LIMITED,13.1,3.71,16.81
2019,DHANLAXMI BANK LIMITED,10.57,3.18,13.75
2019,FEDERAL BANK LTD,13.38,0.76,14.14
2019,HDFC BANK LTD.,15.78,1.33,17.11
2019,ICICI BANK LIMITED,15.09,1.8,16.89
2019,IDBI BANK LIMITED,9.13,2.45,11.58
2019,IDFC FIRST BANK LIMITED,15.28,0.19,15.47
2019,INDUSIND BANK LTD,13.7,0.46,14.16
2019,JAMMU & KASHMIR BANK LTD,10.6,1.86,12.46
2019,KARNATAKA BANK LTD,11.17,2.0,13.17
2019,KARUR VYSYA BANK LTD,14.28,1.72,16.0
2019,KOTAK MAHINDRA BANK LTD.,16.93,0.52,17.45
2019,LAKSHMI VILAS BANK LTD,5.72,2.0,7.72
2019,NAINITAL BANK LTD,14.41,0.44,14.85
2019,RBL BANK LTD,12.1,1.36,13.46
2019,SOUTH INDIAN BANK LTD,9.97,2.64,12.61
2019,TAMILNAD MERCANTILE BANK LTD,15.52,0.65,16.17
2019,YES BANK LTD.,11.3,5.2,16.5
2019,AB BANK LIMITED,33.28,0.28,33.56
2019,ABU DHABI COMMERCIAL BANK PJSC,27.18,0.94,28.12
2019,AMERICAN EXPRESS BANKING CORP.,14.92,9.44,24.36
2019,AUSTRALIA AND NEW ZEALAND BANKING GROUP LIMITED,18.42,0.4,18.82
2019,"BANK OF AMERICA , NATIONAL ASSOCIATION",23.87,0.81,24.68
2019,BANK OF BAHRAIN & KUWAIT B.S.C.,25.38,0.58,25.96
2019,BANK OF CEYLON,31.68,1.25,32.93
2019,BANK OF NOVA SCOTIA,33.15,1.04,34.19
2019,BARCLAYS BANK PLC,15.59,0.71,16.3
2019,BNP PARIBAS,15.01,2.52,17.53
2019,CITIBANK N.A,15.6,0.89,16.49
2019,COOPERATIEVE RABOBANK U.A.,24.98,1.09,26.07
2019,CREDIT AGRICOLE CORPORATE AND INVESTMENT BANK,10.26,2.48,12.74
2019,CREDIT SUISSE AG,41.71,0.31,42.02
2019,"CTBC BANK CO., LTD.",34.79,0.57,35.36
2019,DBS BANK INDIA LIMITED,14.62,5.07,19.69
2019,DEUTSCHE BANK AG,15.37,0.66,16.03
2019,DOHA BANK Q.P.S.C.,29.81,0.66,30.47
2019,EMIRATES NBD BANK (P.J.S.C.),62.39,0.68,63.07
2019,FIRST ABU DHABI BANK PJSC,117.19,1.1,118.29
2019,FIRSTRAND BANK LTD,28.54,0.64,29.18
2019,HONGKONG AND SHANGHAI BANKING CORPN.LTD.,16.88,1.01,17.89
2019,INDUSTRIAL AND COMMERCIAL BANK OF CHINA,31.12,0.63,31.75
2019,INDUSTRIAL BANK OF KOREA,120.83,0.82,121.65
2019,JPMORGAN CHASE BANK NATIONAL ASSOCIATION,19.89,0.53,20.42
2019,JSC VTB BANK,231.46,0.64,232.1
2019,KEB HANA BANK,64.8,0.56,65.36
2019,KRUNG THAI BANK PUBLIC COMPANY LIMITED,70.88,1.25,72.13
2019,MASHREQ BANK PSC,76.33,0.87,77.2
2019,MIZUHO BANK LTD,23.93,0.51,24.44
2019,"MUFG BANK, LTD.",20.62,0.65,21.27
2019,NATIONAL AUSTRALIA BANK,591.83,,591.83
2019,PT BANK MAYBANK INDONESIA TBK,121.91,0.38,122.29
2019,QATAR NATIONAL BANK (Q.P.S.C),103.46,0.37,103.83
2019,SBERBANK,116.3,0.69,116.99
2019,SBM BANK (INDIA) LIMITED,47.17,1.67,48.84
2019,SHINHAN BANK,22.96,0.54,23.5
2019,SOCIETE GENERALE,15.86,0.73,16.59
2019,SONALI BANK,18.61,0.17,18.78
2019,STANDARD CHARTERED BANK,14.67,0.79,15.46
2019,SUMITOMO MITSUI BANKING CORPORATION,29.78,0.55,30.33
2019,THE ROYAL BANK OF SCOTLAND N.V.,312.76,0.54,313.3
2019,UNITED OVERSEAS BANK LTD,150.27,0.52,150.79
2019,WESTPAC BANKING CORPORATION,75.34,0.53,75.87
2019,WOORI BANK,31.42,0.53,31.95
2018,ALLAHABAD BANK,6.69,2.0,8.69
2018,ANDHRA BANK,7.44,3.56,11.0
2018,BANK OF BARODA,10.46,1.67,12.13
2018,BANK OF INDIA,9.73,3.21,12.94
2018,BANK OF MAHARASHTRA,9.01,2.0,11.01
2018,CANARA BANK,10.3,2.92,13.22
2018,CENTRAL BANK OF INDIA,7.01,2.03,9.04
2018,CORPORATION BANK,7.27,1.96,9.23
2018,DENA BANK,8.81,2.28,11.09
2018,IDBI BANK LIMITED,7.73,2.68,10.41
2018,INDIAN BANK,11.33,1.22,12.55
2018,INDIAN OVERSEAS BANK,7.17,2.09,9.26
2018,ORIENTAL BANK OF COMMERCE,7.61,2.89,10.5
2018,PUNJAB AND SIND BANK,9.85,1.4,11.25
2018,PUNJAB NATIONAL BANK,7.12,2.08,9.2
2018,STATE BANK OF INDIA,10.36,2.24,12.6
2018,SYNDICATE BANK,9.41,2.83,12.24
2018,UCO BANK,8.94,2.0,10.94
2018,UNION BANK OF INDIA,9.03,2.43,11.46
2018,UNITED BANK OF INDIA,9.87,2.75,12.62
2018,VIJAYA BANK,11.71,2.19,13.9
2018,AXIS BANK LIMITED,13.04,3.53,16.57
2018,BANDHAN BANK LIMITED,30.3,1.18,31.48
2018,CITY UNION BANK LIMITED,15.79,0.43,16.22
2018,CSB BANK LIMITED,9.45,0.46,9.91
2018,DCB BANK LIMITED,12.72,3.75,16.47
2018,DHANLAXMI BANK LIMITED,10.6,3.27,13.87
2018,FEDERAL BANK LTD,14.18,0.52,14.7
2018,HDFC BANK LTD.,13.25,1.57,14.82
2018,ICICI BANK LIMITED,15.92,2.5,18.42
2018,IDFC BANK LIMITED,17.68,0.32,18.0
2018,INDUSIND BANK LTD,14.58,0.45,15.03
2018,JAMMU & KASHMIR BANK LTD,9.24,2.18,11.42
2018,KARNATAKA BANK LTD,11.29,0.75,12.04
2018,KARUR VYSYA BANK LTD,13.92,0.51,14.43
2018,KOTAK MAHINDRA BANK LTD.,17.56,0.66,18.22
2018,LAKSHMI VILAS BANK LTD,8.05,1.76,9.81
2018,NAINITAL BANK LTD,14.51,0.44,14.95
2018,RBL BANK LTD,13.61,1.72,15.33
2018,SOUTH INDIAN BANK LTD,10.41,2.29,12.7
2018,TAMILNAD MERCANTILE BANK LTD,14.31,0.52,14.83
2018,YES BANK LTD.,13.2,5.2,18.4
2018,AB BANK LIMITED,36.33,0.29,36.62
2018,ABU DHABI COMMERCIAL BANK PJSC,18.43,0.59,19.02
2018,AMERICAN EXPRESS BANKING CORP.,12.59,5.35,17.94
2018,AUSTRALIA AND NEW ZEALAND BANKING GROUP LIMITED,25.2,0.28,25.48
2018,"BANK OF AMERICA , NATIONAL ASSOCIATION",19.02,0.4,19.42
2018,BANK OF BAHRAIN & KUWAIT B.S.C.,27.07,0.68,27.75
2018,BANK OF CEYLON,31.71,1.25,32.96
2018,BANK OF NOVA SCOTIA,23.74,0.76,24.5
2018,BARCLAYS BANK PLC,17.15,0.48,17.63
2018,BNP PARIBAS,13.07,2.31,15.38
2018,CITIBANK N.A,16.32,0.68,17.0
2018,COOPERATIEVE RABOBANK U.A.,26.48,0.81,27.29
2018,CREDIT AGRICOLE CORPORATE AND INVESTMENT BANK,11.47,3.33,14.8
2018,CREDIT SUISSE AG,36.5,0.31,36.81
2018,"CTBC BANK CO., LTD.",45.74,0.47,46.21
2018,DBS BANK INDIA LIMITED,11.34,4.8,16.14
2018,DEUTSCHE BANK AG,14.63,0.59,15.22
2018,DOHA BANK Q.P.S.C.,30.33,0.31,30.64
2018,EMIRATES NBD BANK (P.J.S.C.),125.42,0.47,125.89
2018,FIRST ABU DHABI BANK PJSC,350.0,0.07,350.07
2018,FIRSTRAND BANK LTD,28.43,0.49,28.92
2018,HONGKONG AND SHANGHAI BANKING CORPN.LTD.,17.82,0.66,18.48
2018,INDUSTRIAL AND COMMERCIAL BANK OF CHINA,38.61,0.33,38.94
2018,INDUSTRIAL BANK OF KOREA,98.46,0.7,99.16
2018,JPMORGAN CHASE BANK NATIONAL ASSOCIATION,16.86,0.33,17.19
2018,JSC VTB BANK,246.57,0.68,247.25
2018,KEB HANA BANK,91.69,0.42,92.11
2018,KRUNG THAI BANK PUBLIC COMPANY LIMITED,39.8,1.12,40.92
2018,MASHREQ BANK PSC,36.39,0.88,37.27
2018,MIZUHO BANK LTD,28.39,0.41,28.8
2018,"MUFG BANK, LTD.",23.53,0.29,23.82
2018,NATIONAL AUSTRALIA BANK,169.53,0.17,169.7
2018,PT BANK MAYBANK INDONESIA TBK,126.35,0.29,126.64
2018,QATAR NATIONAL BANK (Q.P.S.C),207.71,0.24,207.95
2018,SBERBANK,91.73,0.74,92.47
2018,SBM BANK (INDIA) LIMITED,24.0,0.72,24.72
2018,SHINHAN BANK,27.34,0.57,27.91
2018,SOCIETE GENERALE,12.83,5.66,18.49
2018,SONALI BANK,20.15,0.26,20.41
2018,STANDARD CHARTERED BANK,15.22,0.6,15.82
2018,SUMITOMO MITSUI BANKING CORPORATION,37.24,0.33,37.57
2018,THE ROYAL BANK OF SCOTLAND N.V.,295.19,0.49,295.68
2018,UNITED OVERSEAS BANK LTD,182.76,0.26,183.02
2018,WESTPAC BANKING CORPORATION,55.61,0.63,56.24
2018,WOORI BANK,40.77,0.62,41.39
2017,STATE BANK OF BIKANER AND JAIPUR,7.13,1.87,9.0
2017,STATE BANK OF HYDERABAD,9.22,2.5,11.72
2017,STATE BANK OF INDIA,10.35,2.76,13.11
2017,STATE BANK OF MYSORE,8.09,4.32,12.41
2017,STATE BANK OF PATIALA,7.78,3.4,11.18
2017,STATE BANK OF TRAVANCORE,9.94,2.25,12.19
2017,ALLAHABAD BANK,8.49,2.96,11.45
2017,ANDHRA BANK,9.17,3.21,12.38
2017,BANK OF BARODA,9.93,2.31,12.24
2017,BANK OF INDIA,8.9,3.24,12.14
2017,BANK OF MAHARASHTRA,9.01,2.17,11.18
2017,BHARATIYA MAHILA BANK LTD.,138.89,0.36,139.25
2017,CANARA BANK,9.77,3.09,12.86
2017,CENTRAL BANK OF INDIA,8.62,2.32,10.94
2017,CORPORATION BANK,8.9,2.42,11.32
2017,DENA BANK,9.05,2.34,11.39
2017,IDBI BANK LIMITED,7.81,2.89,10.7
2017,INDIAN BANK,12.2,1.44,13.64
2017,INDIAN OVERSEAS BANK,8.21,2.28,10.49
2017,ORIENTAL BANK OF COMMERCE,8.88,2.76,11.64
2017,PUNJAB AND SIND BANK,9.14,1.91,11.05
2017,PUNJAB NATIONAL BANK,8.91,2.75,11.66
2017,SYNDICATE BANK,9.26,2.77,12.03
2017,UCO BANK,8.27,2.66,10.93
2017,UNION BANK OF INDIA,9.02,2.77,11.79
2017,UNITED BANK OF INDIA,8.94,2.2,11.14
2017,VIJAYA BANK,9.96,2.77,12.73
2017,AXIS BANK LIMITED,11.87,3.08,14.95
2017,BANDHAN BANK LIMITED,24.77,1.59,26.36
2017,CITY UNION BANK LIMITED,15.35,0.48,15.83
2017,CSB BANK LIMITED,11.54,0.61,12.15
2017,DCB BANK LIMITED,11.87,1.89,13.76
2017,DHANLAXMI BANK LIMITED,9.01,1.25,10.26
2017,FEDERAL BANK LTD,11.81,0.58,12.39
2017,HDFC BANK LTD.,12.79,1.76,14.55
2017,ICICI BANK LIMITED,14.36,3.03,17.39
2017,IDFC BANK LIMITED,18.54,0.36,18.9
2017,INDUSIND BANK LTD,14.72,0.59,15.31
2017,JAMMU & KASHMIR BANK LTD,8.7,2.1,10.8
2017,KARNATAKA BANK LTD,12.21,1.09,13.3
2017,KARUR VYSYA BANK LTD,11.85,0.69,12.54
2017,KOTAK MAHINDRA BANK LTD.,15.9,0.87,16.77
2017,LAKSHMI VILAS BANK LTD,8.75,1.63,10.38
2017,NAINITAL BANK LTD,12.47,0.31,12.78
2017,RBL BANK LTD,11.39,2.33,13.72
2017,SOUTH INDIAN BANK LTD,10.88,1.49,12.37
2017,TAMILNAD MERCANTILE BANK LTD,13.27,0.75,14.02
2017,YES BANK LTD.,13.3,3.7,17.0
2017,AB BANK LIMITED,32.68,0.27,32.95
2017,ABU DHABI COMMERCIAL BANK PJSC,24.64,0.88,25.52
2017,AMERICAN EXPRESS BANKING CORP.,13.02,7.71,20.73
2017,AUSTRALIA AND NEW ZEALAND BANKING GROUP LIMITED,19.12,0.33,19.45
2017,"BANK OF AMERICA , NATIONAL ASSOCIATION",18.76,0.48,19.24
2017,BANK OF BAHRAIN & KUWAIT B.S.C.,24.13,0.52,24.65
2017,BANK OF CEYLON,31.97,1.25,33.22
2017,BANK OF NOVA SCOTIA,22.59,0.79,23.38
2017,BARCLAYS BANK PLC,17.29,0.51,17.8
2017,BNP PARIBAS,11.83,1.94,13.77
2017,CITIBANK N.A,16.71,0.92,17.63
2017,COMMONWEALTH BANK OF AUSTRALIA,144.63,,144.63
2017,COOPERATIEVE RABOBANK U.A.,34.83,0.47,35.3
2017,CREDIT AGRICOLE CORPORATE AND INVESTMENT BANK,13.0,3.83,16.83
2017,CREDIT SUISSE AG,34.2,0.37,34.57
2017,"CTBC BANK CO., LTD.",42.43,0.63,43.06
2017,DBS BANK INDIA LIMITED,11.62,4.87,16.49
2017,DEUTSCHE BANK AG,14.73,0.65,15.38
2017,DOHA BANK Q.P.S.C.,38.29,0.23,38.52
2017,FIRST ABU DHABI BANK PJSC,408.76,,408.76
2017,FIRSTRAND BANK LTD,21.17,0.34,21.51
2017,HONGKONG AND SHANGHAI BANKING CORPN.LTD.,18.04,0.72,18.76
2017,INDUSTRIAL AND COMMERCIAL BANK OF CHINA,39.82,0.54,40.36
2017,INDUSTRIAL BANK OF KOREA,139.82,0.7,140.52
2017,JPMORGAN CHASE BANK NATIONAL ASSOCIATION,15.97,0.5,16.47
2017,JSC VTB BANK,142.44,0.84,143.28
2017,KEB HANA BANK,162.84,0.59,163.43
2017,KRUNG THAI BANK PUBLIC COMPANY LIMITED,42.74,1.24,43.98
2017,MASHREQ BANK PSC,42.47,0.79,43.26
2017,MIZUHO BANK LTD,29.97,0.4,30.37
2017,"MUFG BANK, LTD.",22.64,0.38,23.02
2017,NATIONAL AUSTRALIA BANK,227.84,0.31,228.15
2017,PT BANK MAYBANK INDONESIA TBK,94.72,0.38,95.1
2017,SBERBANK,95.13,0.61,95.74
2017,SBM BANK (INDIA) LIMITED,33.14,0.7,33.84
2017,SHINHAN BANK,38.83,0.65,39.48
2017,SOCIETE GENERALE,21.01,7.62,28.63
2017,SONALI BANK,15.57,0.22,15.79
2017,STANDARD CHARTERED BANK,13.43,0.62,14.05
2017,SUMITOMO MITSUI BANKING CORPORATION,41.43,0.37,41.8
2017,THE ROYAL BANK OF SCOTLAND N.V.,132.56,0.004,132.564
2017,UNITED OVERSEAS BANK LTD,121.98,0.94,122.92
2017,WESTPAC BANKING CORPORATION,53.23,0.53,53.76
2017,WOORI BANK,86.03,0.48,86.51
2016,STATE BANK OF BIKANER AND JAIPUR,8.34,2.1,10.44
2016,STATE BANK OF HYDERABAD,9.27,2.35,11.62
2016,STATE BANK OF INDIA,9.92,3.2,13.12
2016,STATE BANK OF MYSORE,9.28,3.15,12.43
2016,STATE BANK OF PATIALA,7.7,3.18,10.88
2016,STATE BANK OF TRAVANCORE,9.19,2.41,11.6
2016,ALLAHABAD BANK,8.41,2.61,11.02
2016,ANDHRA BANK,8.81,2.77,11.58
2016,BANK OF BARODA,10.79,2.39,13.18
2016,BANK OF INDIA,9.03,2.98,12.01
2016,BANK OF MAHARASHTRA,9.02,2.18,11.2
2016,BHARATIYA MAHILA BANK LTD.,130.41,0.29,130.7
2016,CANARA BANK,8.8,2.28,11.08
2016,CENTRAL BANK OF INDIA,8.2,2.2,10.4
2016,CORPORATION BANK,7.93,2.63,10.56
2016,DENA BANK,8.59,2.41,11.0
2016,IDBI BANK LIMITED,8.89,2.78,11.67
2016,INDIAN BANK,12.08,1.12,13.2
2016,INDIAN OVERSEAS BANK,7.75,1.92,9.67
2016,ORIENTAL BANK OF COMMERCE,9.1,2.66,11.76
2016,PUNJAB AND SIND BANK,9.29,1.62,10.91
2016,PUNJAB NATIONAL BANK,8.41,2.87,11.28
2016,SYNDICATE BANK,7.75,3.41,11.16
2016,UCO BANK,7.63,2.0,9.63
2016,UNION BANK OF INDIA,8.14,2.42,10.56
2016,UNITED BANK OF INDIA,7.93,2.15,10.08
2016,VIJAYA BANK,9.45,3.13,12.58
2016,AXIS BANK LIMITED,12.51,2.78,15.29
2016,BANDHAN BANK LIMITED,26.72,2.29,29.01
2016,CITY UNION BANK LIMITED,15.09,0.49,15.58
2016,CSB BANK LIMITED,9.76,0.79,10.55
2016,DCB BANK LIMITED,12.79,1.32,14.11
2016,DHANLAXMI BANK LIMITED,6.12,1.39,7.51
2016,FEDERAL BANK LTD,13.36,0.57,13.93
2016,HDFC BANK LTD.,13.22,2.31,15.53
2016,ICICI BANK LIMITED,13.09,3.55,16.64
2016,IDFC BANK LIMITED,21.5,0.54,22.04
2016,INDUSIND BANK LTD,14.92,0.58,15.5
2016,JAMMU & KASHMIR BANK LTD,10.6,1.21,11.81
2016,KARNATAKA BANK LTD,10.56,1.47,12.03
2016,KARUR VYSYA BANK LTD,11.26,0.91,12.17
2016,KOTAK MAHINDRA BANK LTD.,15.28,1.06,16.34
2016,LAKSHMI VILAS BANK LTD,8.69,1.98,10.67
2016,NAINITAL BANK LTD,15.25,0.44,15.69
2016,RBL BANK LTD,11.1,1.84,12.94
2016,SOUTH INDIAN BANK LTD,9.83,1.99,11.82
2016,TAMILNAD MERCANTILE BANK LTD,12.16,0.59,12.75
2016,YES BANK LTD.,10.7,5.8,16.5
2016,AB BANK LIMITED,27.79,0.73,28.52
2016,ABU DHABI COMMERCIAL BANK PJSC,24.07,0.82,24.89
2016,AMERICAN EXPRESS BANKING CORP.,11.98,9.33,21.31
2016,AUSTRALIA AND NEW ZEALAND BANKING GROUP LIMITED,17.97,0.29,18.26
2016,"BANK OF AMERICA , NATIONAL ASSOCIATION",14.58,0.39,14.97
2016,BANK OF BAHRAIN & KUWAIT B.S.C.,27.27,0.41,27.68
2016,BANK OF CEYLON,37.09,1.25,38.34
2016,BANK OF NOVA SCOTIA,21.88,0.58,22.46
2016,BARCLAYS BANK PLC,18.24,0.58,18.82
2016,BNP PARIBAS,9.88,1.88,11.76
2016,CITIBANK N.A,14.85,0.91,15.76
2016,COMMONWEALTH BANK OF AUSTRALIA,34.86,0.36,35.22
2016,COOPERATIEVE RABOBANK U.A.,46.7,0.35,47.05
2016,CREDIT AGRICOLE CORPORATE AND INVESTMENT BANK,11.41,1.44,12.85
2016,CREDIT SUISSE AG,25.62,0.55,26.17
2016,"CTBC BANK CO., LTD.",41.69,0.4,42.09
2016,DBS BANK INDIA LIMITED,13.01,5.63,18.64
2016,DEUTSCHE BANK AG,13.03,0.7,13.73
2016,DOHA BANK Q.P.S.C.,48.19,0.07,48.26
2016,FIRST ABU DHABI BANK PJSC,208.06,,208.06
2016,FIRSTRAND BANK LTD,25.36,0.43,25.79
2016,HONGKONG AND SHANGHAI BANKING CORPN.LTD.,15.31,0.68,15.99
2016,INDUSTRIAL AND COMMERCIAL BANK OF CHINA,39.59,0.61,40.2
2016,INDUSTRIAL BANK OF KOREA,177.09,0.21,177.3
2016,JPMORGAN CHASE BANK NATIONAL ASSOCIATION,16.94,0.53,17.47
2016,JSC VTB BANK,101.59,0.9,102.49
2016,KBC BANK N.V.,95.58,23.84,119.42
2016,KEB HANA BANK,100.07,0.78,100.85
2016,KRUNG THAI BANK PUBLIC COMPANY LIMITED,40.39,1.22,41.61
2016,MASHREQ BANK PSC,44.65,0.73,45.38
2016,MIZUHO BANK LTD,25.37,0.43,25.8
2016,"MUFG BANK, LTD.",19.14,1.57,20.71
2016,NATIONAL AUSTRALIA BANK,225.02,0.15,225.17
2016,PT BANK MAYBANK INDONESIA TBK,86.31,0.32,86.63
2016,SBERBANK,54.6,0.5,55.1
2016,SBM BANK (INDIA) LIMITED,40.95,0.93,41.88
2016,SHINHAN BANK,38.8,0.67,39.47
2016,SOCIETE GENERALE,18.87,7.93,26.8
2016,SONALI BANK,14.33,0.24,14.57
2016,STANDARD CHARTERED BANK,12.36,0.62,12.98
2016,SUMITOMO MITSUI BANKING CORPORATION,54.86,0.45,55.31
2016,THE ROYAL BANK OF SCOTLAND N.V.,21.95,4.14,26.09
2016,UNITED OVERSEAS BANK LTD,149.58,0.95,150.53
2016,WESTPAC BANKING CORPORATION,43.26,0.46,43.72
2016,WOORI BANK,77.87,0.35,78.22
2015,STATE BANK OF BIKANER AND JAIPUR,9.01,2.56,11.57
2015,STATE BANK OF HYDERABAD,9.18,2.08,11.26
2015,STATE BANK OF INDIA,9.6,2.4,12.0
2015,STATE BANK OF MYSORE,8.36,3.06,11.42
2015,STATE BANK OF PATIALA,8.66,3.4,12.06
2015,STATE BANK OF TRAVANCORE,8.9,1.99,10.89
2015,ALLAHABAD BANK,7.71,2.74,10.45
2015,ANDHRA BANK,7.99,2.64,10.63
2015,BANK OF BARODA,9.87,2.74,12.61
2015,BANK OF INDIA,8.17,2.56,10.73
2015,BANK OF MAHARASHTRA,8.76,3.18,11.94
2015,BHARATIYA MAHILA BANK LTD.,192.84,0.25,193.09
2015,CANARA BANK,8.02,2.54,10.56
2015,CENTRAL BANK OF INDIA,8.05,2.85,10.9
2015,CORPORATION BANK,8.05,3.04,11.09
2015,DENA BANK,7.67,3.26,10.93
2015,IDBI BANK LIMITED,8.18,3.58,11.76
2015,INDIAN BANK,10.61,2.25,12.86
2015,INDIAN OVERSEAS BANK,7.3,2.81,10.11
2015,ORIENTAL BANK OF COMMERCE,8.73,2.68,11.41
2015,PUNJAB AND SIND BANK,8.48,2.76,11.24
2015,PUNJAB NATIONAL BANK,9.3,2.91,12.21
2015,SYNDICATE BANK,7.84,2.7,10.54
2015,UCO BANK,9.05,3.12,12.17
2015,UNION BANK OF INDIA,7.5,2.72,10.22
2015,UNITED BANK OF INDIA,7.52,3.05,10.57
2015,VIJAYA BANK,8.24,3.19,11.43
2015,AXIS BANK LIMITED,12.07,3.02,15.09
2015,CITY UNION BANK LIMITED,16.03,0.49,16.52
2015,CSB BANK LIMITED,9.26,1.74,11.0
2015,DCB BANK LIMITED,14.21,0.74,14.95
2015,DHANLAXMI BANK LIMITED,7.42,2.17,9.59
2015,FEDERAL BANK LTD,14.81,0.65,15.46
2015,HDFC BANK LTD.,13.66,3.13,16.79
2015,ICICI BANK LIMITED,12.78,4.24,17.02
2015,INDUSIND BANK LTD,11.22,0.87,12.09
2015,ING VYSYA BANK LTD,13.69,1.61,15.3
2015,JAMMU & KASHMIR BANK LTD,11.26,1.31,12.57
2015,KARNATAKA BANK LTD,10.52,1.89,12.41
2015,KARUR VYSYA BANK LTD,13.56,1.06,14.62
2015,KOTAK MAHINDRA BANK LTD.,16.18,0.99,17.17
2015,LAKSHMI VILAS BANK LTD,9.33,2.01,11.34
2015,NAINITAL BANK LTD,14.41,0.45,14.86
2015,RBL BANK LTD,12.74,0.39,13.13
2015,SOUTH INDIAN BANK LTD,10.43,1.58,12.01
2015,TAMILNAD MERCANTILE BANK LTD,13.29,0.6,13.89
2015,YES BANK LTD.,11.5,4.1,15.6
2015,AB BANK LIMITED,29.91,0.27,30.18
2015,ABU DHABI COMMERCIAL BANK PJSC,26.66,0.9,27.56
2015,AMERICAN EXPRESS BANKING CORP.,15.57,3.5,19.07
2015,AUSTRALIA AND NEW ZEALAND BANKING GROUP LIMITED,21.42,0.43,21.85
2015,"BANK OF AMERICA , NATIONAL ASSOCIATION",14.72,0.44,15.16
2015,BANK OF BAHRAIN & KUWAIT B.S.C.,27.85,0.83,28.68
2015,BANK OF CEYLON,42.65,1.06,43.71
2015,BANK OF NOVA SCOTIA,15.27,1.58,16.85
2015,BARCLAYS BANK PLC,17.59,0.56,18.15
2015,BNP PARIBAS,10.36,1.25,11.61
2015,CITIBANK N.A,14.18,1.12,15.3
2015,COMMONWEALTH BANK OF AUSTRALIA,31.48,0.37,31.85
2015,COOPERATIEVE RABOBANK U.A.,32.79,0.29,33.08
2015,CREDIT AGRICOLE CORPORATE AND INVESTMENT BANK,11.43,2.04,13.47
2015,CREDIT SUISSE AG,19.65,0.37,20.02
2015,"CTBC BANK CO., LTD.",43.61,0.36,43.97
2015,DBS BANK INDIA LIMITED,10.79,6.22,17.01
2015,DEUTSCHE BANK AG,15.03,0.59,15.62
2015,DOHA BANK Q.P.S.C.,163.23,,163.23
2015,FIRSTRAND BANK LTD,35.95,0.37,36.32
2015,HONGKONG AND SHANGHAI BANKING CORPN.LTD.,13.73,1.11,14.84
2015,HSBC BANK OMAN S.A.O.G.,45.51,9.3,54.81
2015,INDUSTRIAL AND COMMERCIAL BANK OF CHINA,27.1,0.62,27.72
2015,JPMORGAN CHASE BANK NATIONAL ASSOCIATION,16.68,0.39,17.07
2015,JSC VTB BANK,90.99,0.94,91.93
2015,KBC BANK N.V.,42.8,10.62,53.42
2015,KRUNG THAI BANK PUBLIC COMPANY LIMITED,42.53,0.87,43.4
2015,MASHREQ BANK PSC,36.11,1.25,37.36
2015,MIZUHO BANK LTD,31.08,0.47,31.55
2015,"MUFG BANK, LTD.",21.94,3.41,25.35
2015,NATIONAL AUSTRALIA BANK,286.51,0.36,286.87
2015,PT BANK MAYBANK INDONESIA TBK,133.34,0.25,133.59
2015,SBERBANK,53.64,0.49,54.13
2015,SBM BANK (INDIA) LIMITED,44.7,1.11,45.81
2015,SHINHAN BANK,40.62,0.69,41.31
2015,SOCIETE GENERALE,17.77,7.36,25.13
2015,SONALI BANK,12.33,0.23,12.56
2015,STANDARD CHARTERED BANK,11.84,0.65,12.49
2015,SUMITOMO MITSUI BANKING CORPORATION,76.9,0.36,77.26
2015,THE ROYAL BANK OF SCOTLAND N.V.,11.26,2.97,14.23
2015,UBS AG,247.9,0.1,248.0
2015,UNITED OVERSEAS BANK LTD,208.89,1.24,210.13
2015,WESTPAC BANKING CORPORATION,49.41,0.49,49.9
2015,WOORI BANK,82.52,0.44,82.96
2014,STATE BANK OF BIKANER AND JAIPUR,9.04,2.51,11.55
2014,STATE BANK OF HYDERABAD,9.32,2.68,12.0
2014,STATE BANK OF INDIA,9.72,2.72,12.44
2014,STATE BANK OF MYSORE,8.65,2.43,11.08
2014,STATE BANK OF PATIALA,7.88,2.5,10.38
2014,STATE BANK OF TRAVANCORE,8.46,2.33,10.79
2014,ALLAHABAD BANK,7.51,2.45,9.96
2014,ANDHRA BANK,8.09,2.69,10.78
2014,BANK OF BARODA,9.28,3.0,12.28
2014,BANK OF INDIA,7.24,2.73,9.97
2014,BANK OF MAHARASHTRA,7.44,3.35,10.79
2014,BHARATIYA MAHILA BANK LTD.,270.42,0.09,270.51
2014,CANARA BANK,7.68,2.95,10.63
2014,CENTRAL BANK OF INDIA,7.37,2.5,9.87
2014,CORPORATION BANK,8.14,3.51,11.65
2014,DENA BANK,7.43,3.71,11.14
2014,IDBI BANK LIMITED,7.79,3.89,11.68
2014,INDIAN BANK,10.24,2.4,12.64
2014,INDIAN OVERSEAS BANK,7.47,3.31,10.78
2014,ORIENTAL BANK OF COMMERCE,8.86,2.15,11.01
2014,PUNJAB AND SIND BANK,7.62,3.42,11.04
2014,PUNJAB NATIONAL BANK,8.87,2.65,11.52
2014,SYNDICATE BANK,8.68,2.73,11.41
2014,UCO BANK,8.71,3.97,12.68
2014,UNION BANK OF INDIA,7.54,3.26,10.8
2014,UNITED BANK OF INDIA,6.54,3.27,9.81
2014,VIJAYA BANK,8.12,2.44,10.56
2014,AXIS BANK LIMITED,12.62,3.45,16.07
2014,CITY UNION BANK LIMITED,14.43,0.58,15.01
2014,CSB BANK LIMITED,9.07,1.93,11.0
2014,DCB BANK LIMITED,12.86,0.85,13.71
2014,DHANLAXMI BANK LIMITED,6.93,1.74,8.67
2014,FEDERAL BANK LTD,14.59,0.55,15.14
2014,HDFC BANK LTD.,11.77,4.3,16.07
2014,ICICI BANK LIMITED,12.78,4.92,17.7
2014,INDUSIND BANK LTD,12.71,1.12,13.83
2014,ING VYSYA BANK LTD,14.63,2.13,16.76
2014,JAMMU & KASHMIR BANK LTD,11.22,1.47,12.69
2014,KARNATAKA BANK LTD,10.73,2.47,13.2
2014,KARUR VYSYA BANK LTD,11.62,0.97,12.59
2014,KOTAK MAHINDRA BANK LTD.,17.77,1.06,18.83
2014,LAKSHMI VILAS BANK LTD,7.87,3.03,10.9
2014,NAINITAL BANK LTD,14.69,0.44,15.13
2014,RBL BANK LTD,14.33,0.31,14.64
2014,SOUTH INDIAN BANK LTD,10.79,1.63,12.42
2014,TAMILNAD MERCANTILE BANK LTD,14.96,0.63,15.59
2014,YES BANK LTD.,9.8,4.6,14.4
2014,AB BANK LIMITED,28.83,0.27,29.1
2014,ABU DHABI COMMERCIAL BANK PJSC,35.1,0.82,35.92
2014,AMERICAN EXPRESS BANKING CORP.,12.67,3.89,16.56
2014,AUSTRALIA AND NEW ZEALAND BANKING GROUP LIMITED,30.43,0.39,30.82
2014,"BANK OF AMERICA , NATIONAL ASSOCIATION",16.37,0.33,16.7
2014,BANK OF BAHRAIN & KUWAIT B.S.C.,32.98,0.59,33.57
2014,BANK OF CEYLON,54.47,1.25,55.72
2014,BANK OF NOVA SCOTIA,19.17,0.42,19.59
2014,BARCLAYS BANK PLC,18.99,0.73,19.72
2014,BNP PARIBAS,12.14,1.75,13.89
2014,CITIBANK N.A,15.35,1.14,16.49
2014,COMMONWEALTH BANK OF AUSTRALIA,35.21,0.38,35.59
2014,COOPERATIEVE RABOBANK U.A.,38.72,0.32,39.04
2014,CREDIT AGRICOLE CORPORATE AND INVESTMENT BANK,12.74,3.31,16.05
2014,CREDIT SUISSE AG,19.65,0.28,19.93
2014,"CTBC BANK CO., LTD.",45.26,0.29,45.55
2014,DBS BANK INDIA LIMITED,11.77,2.04,13.81
2014,DEUTSCHE BANK AG,14.23,0.61,14.84
2014,FIRSTRAND BANK LTD,40.22,0.31,40.53
2014,HONGKONG AND SHANGHAI BANKING CORPN.LTD.,15.89,1.47,17.36
2014,HSBC BANK OMAN S.A.O.G.,56.93,13.08,70.01
2014,INDUSTRIAL AND COMMERCIAL BANK OF CHINA,47.64,0.23,47.87
2014,JPMORGAN CHASE BANK NATIONAL ASSOCIATION,25.05,0.53,25.58
2014,JSC VTB BANK,56.87,1.05,57.92
2014,KBC BANK N.V.,27.94,6.58,34.52
2014,KRUNG THAI BANK PUBLIC COMPANY LIMITED,49.27,1.25,50.52
2014,MASHREQ BANK PSC,33.14,1.03,34.17
2014,MIZUHO BANK LTD,34.57,0.41,34.98
2014,"MUFG BANK, LTD.",31.61,7.54,39.15
2014,NATIONAL AUSTRALIA BANK,201.35,0.5,201.85
2014,PT BANK MAYBANK INDONESIA TBK,165.42,0.19,165.61
2014,SBERBANK,51.58,0.34,51.92
2014,SBM BANK (INDIA) LIMITED,38.45,1.02,39.47
2014,SHINHAN BANK,45.16,1.08,46.24
2014,SOCIETE GENERALE,19.84,10.42,30.26
2014,SONALI BANK,11.91,0.21,12.12
2014,STANDARD CHARTERED BANK,10.52,1.96,12.48
2014,SUMITOMO MITSUI BANKING CORPORATION,79.85,0.27,80.12
2014,THE ROYAL BANK OF SCOTLAND N.V.,11.94,3.38,15.32
2014,UBS AG,247.18,0.1,247.28
2014,UNITED OVERSEAS BANK LTD,89.51,0.56,90.07
2014,WESTPAC BANKING CORPORATION,43.39,0.28,43.67
2014,WOORI BANK,141.52,,141.52
