year,bank_name,interest_expense,operating_expense
2025,BANK OF BARODA,75782.96,29871.38
2025,BANK OF INDIA,46432.35,16975.46
2025,BANK OF MAHARASHTRA,13281.88,5800.71
2025,CANARA BANK,82683.11,28134.50
2025,CENTRAL BANK OF INDIA,19768.96,11627.17
2025,INDIAN BANK,36825.79,15401.64
2025,INDIAN OVERSEAS BANK,17240.80,7747.26
2025,PUNJAB AND SIND BANK,7697.64,3276.39
2025,PUNJAB NATIONAL BANK,78978.56,32260.87
2025,STATE BANK OF INDIA,295524.23,118069.02
2025,UCO BANK,15436.83,7999.41
2025,UNION BANK OF INDIA,70512.30,25936.55
2025,AXIS BANK LIMITED,68329.22,37499.94
2025,BANDHAN BANK LIMITED,10457.65,7068.50
2025,CITY UNION BANK LIMITED,3518.33,1535.15
2025,CSB BANK LIMITED,2120.97,1537.99
2025,DCB BANK LIMITED,4364.02,1820.08
2025,DHANLAXMI BANK LIMITED,836.59,557.39
2025,FEDERAL BANK LTD,16897.26,7168.11
2025,HDFC BANK LTD.,177846.95,68174.88
2025,ICICI BANK LIMITED,82099.34,42372.32
2025,IDBI BANK LIMITED,14275.57,8471.85
2025,IDFC FIRST BANK LIMITED,17209.52,18898.84
2025,INDUSIND BANK LTD,29636.35,16070.66
2025,JAMMU & KASHMIR BANK LTD,6742.04,4000.84
2025,KARNATAKA BANK LTD,5703.22,2752.86
2025,KARUR VYSYA BANK LTD,5418.12,2877.15
2025,KOTAK MAHINDRA BANK LTD.,24577.95,18776.44
2025,NAINITAL BANK LTD,399.59,263.24
2025,RBL BANK LTD,7576.05,6642.41
2025,SOUTH INDIAN BANK LTD,5927.67,3028.99
2025,TAMILNAD MERCANTILE BANK LTD,2990.34,1405.67
2025,YES BANK LTD.,21950.56,10547.26
2025,AB BANK PLC,0.36,21.40
2025,AMERICAN EXPRESS BANKING CORP.,298.78,2232.62
2025,AUSTRALIA AND NEW ZEALAND BANKING GROUP LIMITED,1376.64,196.31
2025,"BANK OF AMERICA , NATIONAL ASSOCIATION",2857.78,1102.57
2025,BANK OF BAHRAIN & KUWAIT B.S.C.,113.62,47.60
2025,BANK OF CEYLON,17.79,14.48
2025,BANK OF CHINA LIMITED,0.77,36.89
2025,BANK OF NOVA SCOTIA,1.18,72.81
2025,BARCLAYS BANK PLC,1781.06,748.00
2025,BNP PARIBAS,2419.71,768.91
2025,CITIBANK N.A,5273.32,6027.00
2025,COOPERATIEVE RABOBANK U.A.,,20.87
2025,CREDIT AGRICOLE CORPORATE AND INVESTMENT BANK,805.89,240.76
2025,"CTBC BANK CO., LTD.",167.14,90.10
2025,DBS BANK INDIA LIMITED,6177.02,3857.10
2025,DEUTSCHE BANK AG,4145.62,3182.20
2025,DOHA BANK Q.P.S.C.,59.90,36.21
2025,EMIRATES NBD BANK (P.J.S.C.),441.89,158.04
2025,FIRST ABU DHABI BANK PJSC,311.00,105.09
2025,FIRSTRAND BANK LTD,,27.76
2025,INDUSTRIAL AND COMMERCIAL BANK OF CHINA,228.89,61.17
2025,INDUSTRIAL BANK OF KOREA,12.39,22.31
2025,JPMORGAN CHASE BANK NATIONAL ASSOCIATION,3076.36,1098.69
2025,JSC VTB BANK,,38.52
2025,KEB HANA BANK,182.77,47.69
2025,KOOKMIN BANK,192.17,52.04
2025,MASHREQ BANK PSC,47.45,64.19
2025,MIZUHO BANK LTD,2098.13,503.26
2025,"MUFG BANK, LTD.",1457.40,807.50
2025,NATWEST MARKETS PLC,167.87,72.61
2025,NONGHYUP BANK,0.43,22.23
2025,PT BANK MAYBANK INDONESIA TBK,7.49,23.84
2025,QATAR NATIONAL BANK (Q.P.S.C),110.02,45.02
2025,SBERBANK,0.22,176.14
2025,SBM BANK (INDIA) LIMITED,545.07,434.07
2025,SHINHAN BANK,736.40,188.91
2025,SOCIETE GENERALE,194.57,189.79
2025,SONALI BANK PLC,1.58,11.68
2025,STANDARD CHARTERED BANK,7431.29,8846.61
2025,SUMITOMO MITSUI BANKING CORPORATION,2148.82,464.07
2025,THE HONGKONG AND SHANGHAI BANKING CORPORATION LIMITED,10562.57,6525.28
2025,UBS AG,79.77,57.93
2025,UNITED OVERSEAS BANK LTD,26.11,35.57
2025,WOORI BANK,308.72,76.92
2025,AU SMALL FINANCE BANK LIMITED,8052.15,5957.22
2025,CAPITAL SMALL FINANCE BANK LIMITED,498.30,310.79
2025,EQUITAS SMALL FINANCE BANK LIMITED,3060.11,2828.83
2025,ESAF SMALL FINANCE BANK LIMITED,1810.69,1961.51
2025,JANA SMALL FINANCE BANK LIMITED,2316.66,1942.63
2025,NORTH EAST SMALL FINANCE BANK LIMITED,200.54,481.15
2025,SHIVALIK SMALL FINANCE BANK LIMITED,207.69,194.28
2025,SURYODAY SMALL FINANCE BANK LIMITED,847.61,934.19
2025,UJJIVAN SMALL FINANCE BANK LIMITED,2718.12,2793.24
2025,UNITY SMALL FINANCE BANK LIMITED,881.68,1227.44
2025,UTKARSH SMALL FINANCE BANK LIMITED,1742.06,1615.77
2025,AIRTEL PAYMENTS BANK LIMITED,61.84,2604.23
2025,FINO PAYMENTS BANK LIMITED,100.58,1638.17
2025,INDIA POST PAYMENTS BANK LIMITED,366.67,1513.04
2025,PAYTM PAYMENTS BANK LIMITED,8.40,314.71
2024,BANK OF BARODA,67884.41,28251.68
2024,BANK OF INDIA,37656.57,15079.16
2024,BANK OF MAHARASHTRA,10672.84,4814.37
2024,CANARA BANK,72121.99,26119.80
2024,CENTRAL BANK OF INDIA,17825.91,10244.92
2024,INDIAN BANK,32341.50,14300.46
2024,INDIAN OVERSEAS BANK,14220.32,8721.91
2024,PUNJAB AND SIND BANK,6852.93,2931.57
2024,PUNJAB NATIONAL BANK,66818.55,28535.80
2024,STATE BANK OF INDIA,255254.83,124860.81
2024,UCO BANK,13753.56,6790.06
2024,UNION BANK OF INDIA,63207.56,24439.96
2024,AXIS BANK LIMITED,59474.15,35213.28
2024,BANDHAN BANK LIMITED,8550.78,5850.78
2024,CITY UNION BANK LIMITED,3147.10,1348.39
2024,CSB BANK LIMITED,1451.13,1280.78
2024,DCB BANK LIMITED,3434.14,1537.69
2024,DHANLAXMI BANK LIMITED,748.54,541.75
2024,FEDERAL BANK LTD,13894.78,6198.27
2024,HDFC BANK LTD.,149808.10,63386.02
2024,ICICI BANK LIMITED,68585.22,39132.73
2024,IDBI BANK LIMITED,12239.69,8205.30
2024,IDFC FIRST BANK LIMITED,13871.75,16215.78
2024,INDUSIND BANK LTD,25132.29,14263.49
2024,JAMMU & KASHMIR BANK LTD,6008.68,3752.29
2024,KARNATAKA BANK LTD,4999.78,2454.34
2024,KARUR VYSYA BANK LTD,4394.74,2638.75
2024,KOTAK MAHINDRA BANK LTD.,19805.71,16678.85
2024,NAINITAL BANK LTD,372.05,275.59
2024,RBL BANK LTD,6351.41,6055.03
2024,SOUTH INDIAN BANK LTD,5280.75,2979.90
2024,TAMILNAD MERCANTILE BANK LTD,2697.02,1314.06
2024,YES BANK LTD.,19491.32,9822.66
2024,AB BANK LIMITED,0.67,15.99
2024,AMERICAN EXPRESS BANKING CORP.,208.74,1909.37
2024,AUSTRALIA AND NEW ZEALAND BANKING GROUP LIMITED,774.17,145.73
2024,"BANK OF AMERICA , NATIONAL ASSOCIATION",1872.14,1013.45
2024,BANK OF BAHRAIN & KUWAIT B.S.C.,115.01,49.56
2024,BANK OF CEYLON,16.35,11.68
2024,BANK OF CHINA LIMITED,2.98,39.27
2024,BANK OF NOVA SCOTIA,1.02,77.82
2024,BARCLAYS BANK PLC,1290.38,584.81
2024,BNP PARIBAS,1784.25,652.53
2024,CITIBANK N.A,4554.57,4268.16
2024,COOPERATIEVE RABOBANK U.A.,2.48,51.78
2024,CREDIT AGRICOLE CORPORATE AND INVESTMENT BANK,611.91,230.82
2024,CREDIT SUISSE AG,420.40,104.48
2024,"CTBC BANK CO., LTD.",136.00,77.03
2024,DBS BANK INDIA LIMITED,5119.69,3552.62
2024,DEUTSCHE BANK AG,3998.14,3213.22
2024,DOHA BANK Q.P.S.C.,42.47,36.61
2024,EMIRATES NBD BANK (P.J.S.C.),332.07,133.28
2024,FIRST ABU DHABI BANK PJSC,345.89,91.31
2024,FIRSTRAND BANK LTD,,34.07
2024,INDUSTRIAL AND COMMERCIAL BANK OF CHINA,223.52,51.24
2024,INDUSTRIAL BANK OF KOREA,11.37,20.72
2024,JPMORGAN CHASE BANK NATIONAL ASSOCIATION,2469.04,1005.24
2024,JSC VTB BANK,,18.51
2024,KEB HANA BANK,159.05,42.72
2024,KOOKMIN BANK,180.91,30.36
2024,KRUNG THAI BANK PUBLIC COMPANY LIMITED,,2.72
2024,MASHREQ BANK PSC,5.24,44.85
2024,MIZUHO BANK LTD,1273.95,556.70
2024,"MUFG BANK, LTD.",1334.75,911.35
2024,NATWEST MARKETS PLC,165.97,31.07
2024,NONGHYUP BANK,0.00,18.87
2024,PT BANK MAYBANK INDONESIA TBK,3.40,20.69
2024,QATAR NATIONAL BANK (Q.P.S.C),70.62,40.19
2024,SBERBANK,0.68,110.85
2024,SBM BANK (INDIA) LIMITED,527.54,428.78
2024,SHINHAN BANK,636.56,189.89
2024,SOCIETE GENERALE,237.17,196.28
2024,SONALI BANK,2.30,7.40
2024,STANDARD CHARTERED BANK,7496.76,8421.43
2024,SUMITOMO MITSUI BANKING CORPORATION,1645.42,482.70
2024,THE HONGKONG AND SHANGHAI BANKING CORPORATION LIMITED,8650.23,5694.53
2024,UNITED OVERSEAS BANK LTD,34.92,34.26
2024,WOORI BANK,237.16,57.72
2024,AU SMALL FINANCE BANK LIMITED,5397.63,4464.80
2024,CAPITAL SMALL FINANCE BANK LIMITED,449.18,258.33
2024,EQUITAS SMALL FINANCE BANK LIMITED,2406.64,2501.07
2024,ESAF SMALL FINANCE BANK LIMITED,1448.73,1648.83
2024,FINCARE SMALL FINANCE BANK LIMITED,1023.44,1283.09
2024,JANA SMALL FINANCE BANK LIMITED,1885.90,1604.84
2024,NORTH EAST SMALL FINANCE BANK LIMITED,124.26,174.59
2024,SHIVALIK SMALL FINANCE BANK LIMITED,144.66,146.16
2024,SURYODAY SMALL FINANCE BANK LIMITED,626.47,727.95
2024,UJJIVAN SMALL FINANCE BANK LIMITED,2267.70,2279.10
2024,UNITY SMALL FINANCE BANK LIMITED,406.86,808.37
2024,UTKARSH SMALL FINANCE BANK LIMITED,1292.61,1288.88
2024,AIRTEL PAYMENTS BANK LIMITED,43.91,1744.81
2024,FINO PAYMENTS BANK LIMITED,78.90,1312.62
2024,INDIA POST PAYMENTS BANK LIMITED,169.74,1003.68
2024,PAYTM PAYMENTS BANK LIMITED,60.66,2572.82
2023,BANK OF BARODA,48232.53,24518.31
2023,BANK OF INDIA,27372.82,13982.17
2023,BANK OF MAHARASHTRA,8157.68,3921.84
2023,CANARA BANK,52989.49,22481.48
2023,CENTRAL BANK OF INDIA,13855.10,8886.74
2023,INDIAN BANK,24716.75,12097.90
2023,INDIAN OVERSEAS BANK,11145.44,6421.46
2023,PUNJAB AND SIND BANK,5019.35,2463.40
2023,PUNJAB NATIONAL BANK,50652.47,24105.41
2023,STATE BANK OF INDIA,187262.56,97743.14
2023,UCO BANK,10307.39,5510.91
2023,UNION BANK OF INDIA,47978.00,21931.33
2023,AXIS BANK LIMITED,42218.02,39298.54
2023,BANDHAN BANK LIMITED,6645.08,4636.82
2023,CITY UNION BANK LIMITED,2551.54,1155.18
2023,CSB BANK LIMITED,985.81,942.13
2023,DCB BANK LIMITED,2483.27,1339.66
2023,DHANLAXMI BANK LIMITED,595.48,427.07
2023,FEDERAL BANK LTD,9571.47,4767.77
2023,HDFC BANK LTD.,74743.32,47652.08
2023,ICICI BANK LIMITED,47102.74,32873.24
2023,IDBI BANK LIMITED,9139.23,7066.70
2023,IDFC FIRST BANK LIMITED,10092.21,12170.35
2023,INDUSIND BANK LTD,18775.80,11412.01
2023,JAMMU & KASHMIR BANK LTD,4609.83,3643.60
2023,KARNATAKA BANK LTD,4035.13,1969.45
2023,KARUR VYSYA BANK LTD,3167.74,2031.96
2023,KOTAK MAHINDRA BANK LTD.,12698.94,13786.99
2023,NAINITAL BANK LTD,308.72,216.90
2023,RBL BANK LTD,4678.39,5285.17
2023,SOUTH INDIAN BANK LTD,4221.10,2317.38
2023,TAMILNAD MERCANTILE BANK LTD,1986.92,1150.39
2023,YES BANK LTD.,14779.86,8419.86
2023,AB BANK LIMITED,0.65,16.42
2023,AMERICAN EXPRESS BANKING CORP.,130.44,1617.19
2023,AUSTRALIA AND NEW ZEALAND BANKING GROUP LIMITED,278.43,141.07
2023,"BANK OF AMERICA , NATIONAL ASSOCIATION",881.97,979.01
2023,BANK OF BAHRAIN & KUWAIT B.S.C.,93.25,43.64
2023,BANK OF CEYLON,13.77,11.06
2023,BANK OF CHINA LIMITED,1.94,34.19
2023,BANK OF NOVA SCOTIA,45.46,124.26
2023,BARCLAYS BANK PLC,826.38,594.74
2023,BNP PARIBAS,1416.11,633.50
2023,CITIBANK N.A,3401.48,5336.40
2023,COOPERATIEVE RABOBANK U.A.,36.28,78.64
2023,CREDIT AGRICOLE CORPORATE AND INVESTMENT BANK,385.38,192.33
2023,CREDIT SUISSE AG,760.59,88.45
2023,"CTBC BANK CO., LTD.",93.65,62.45
2023,DBS BANK INDIA LIMITED,3353.45,2966.88
2023,DEUTSCHE BANK AG,3416.69,2820.99
2023,DOHA BANK Q.P.S.C.,29.25,41.50
2023,EMIRATES NBD BANK (P.J.S.C.),137.42,105.72
2023,FIRST ABU DHABI BANK PJSC,303.80,88.17
2023,FIRSTRAND BANK LTD,0.00,25.95
2023,INDUSTRIAL AND COMMERCIAL BANK OF CHINA,147.28,55.66
2023,INDUSTRIAL BANK OF KOREA,5.40,18.28
2023,JPMORGAN CHASE BANK NATIONAL ASSOCIATION,1290.30,831.27
2023,JSC VTB BANK,,10.18
2023,KEB HANA BANK,78.41,38.77
2023,KOOKMIN BANK,104.23,27.58
2023,KRUNG THAI BANK PUBLIC COMPANY LIMITED,,3.96
2023,MASHREQ BANK PSC,2.44,33.81
2023,MIZUHO BANK LTD,861.57,413.62
2023,"MUFG BANK, LTD.",930.44,462.83
2023,NATWEST MARKETS PLC,101.53,78.16
2023,PT BANK MAYBANK INDONESIA TBK,2.23,17.28
2023,QATAR NATIONAL BANK (Q.P.S.C),64.16,34.74
2023,SBERBANK,1.54,50.22
2023,SBM BANK (INDIA) LIMITED,453.39,375.98
2023,SHINHAN BANK,525.53,158.92
2023,SOCIETE GENERALE,154.55,173.94
2023,SONALI BANK,2.49,9.19
2023,STANDARD CHARTERED BANK,4105.44,4032.29
2023,SUMITOMO MITSUI BANKING CORPORATION,860.13,291.12
2023,THE HONGKONG AND SHANGHAI BANKING CORPORATION LIMITED,6113.65,4750.79
2023,UNITED OVERSEAS BANK LTD,23.75,29.78
2023,WOORI BANK,243.14,57.41
2023,AU SMALL FINANCE BANK LIMITED,3780.13,3440.27
2023,CAPITAL SMALL FINANCE BANK LIMITED,354.02,222.75
2023,EQUITAS SMALL FINANCE BANK LIMITED,1617.15,2038.30
2023,ESAF SMALL FINANCE BANK LIMITED,1017.32,1230.54
2023,FINCARE SMALL FINANCE BANK LIMITED,653.68,874.05
2023,JANA SMALL FINANCE BANK LIMITED,1414.99,1284.51
2023,NORTH EAST SMALL FINANCE BANK LIMITED,141.33,177.89
2023,SHIVALIK SMALL FINANCE BANK LIMITED,106.42,106.00
2023,SURYODAY SMALL FINANCE BANK LIMITED,437.11,506.54
2023,UJJIVAN SMALL FINANCE BANK LIMITED,1467.09,1802.06
2023,UNITY SMALL FINANCE BANK LIMITED,174.91,476.60
2023,UTKARSH SMALL FINANCE BANK LIMITED,975.95,990.01
2023,AIRTEL PAYMENTS BANK LIMITED,31.94,1231.26
2023,FINO PAYMENTS BANK LIMITED,47.37,1117.46
2023,INDIA POST PAYMENTS BANK LIMITED,94.02,646.14
2023,PAYTM PAYMENTS BANK LIMITED,72.36,2583.75
2022,BANK OF BARODA,37259.44,21716.44
2022,BANK OF INDIA,24013.73,11952.37
2022,BANK OF MAHARASHTRA,6974.82,3849.01
2022,CANARA BANK,43026.26,19791.91
2022,CENTRAL BANK OF INDIA,13314.88,7258.10
2022,INDIAN BANK,22128.27,10926.50
2022,INDIAN OVERSEAS BANK,10418.73,5451.24
2022,PUNJAB AND SIND BANK,4444.50,2280.60
2022,PUNJAB NATIONAL BANK,46185.08,20252.60
2022,STATE BANK OF INDIA,154749.70,93397.52
2022,UCO BANK,8508.39,4776.32
2022,UNION BANK OF INDIA,40157.49,18438.07
2022,AXIS BANK LIMITED,34244.61,23610.75
2022,BANDHAN BANK LIMITED,5157.10,3523.56
2022,CITY UNION BANK LIMITED,2188.29,1080.26
2022,CSB BANK LIMITED,885.01,786.38
2022,DCB BANK LIMITED,2155.26,1012.56
2022,DHANLAXMI BANK LIMITED,554.32,397.13
2022,FEDERAL BANK LTD,7698.80,4293.19
2022,HDFC BANK LTD.,55743.53,37442.19
2022,ICICI BANK LIMITED,38908.45,26733.32
2022,IDBI BANK LIMITED,9129.41,6357.23
2022,IDFC FIRST BANK LIMITED,7466.52,9644.45
2022,INDUSIND BANK LTD,15821.60,9559.29
2022,JAMMU & KASHMIR BANK LTD,4102.25,3592.78
2022,KARNATAKA BANK LTD,3730.63,1810.92
2022,KARUR VYSYA BANK LTD,2872.30,1854.22
2022,KOTAK MAHINDRA BANK LTD.,10220.91,11121.39
2022,NAINITAL BANK LTD,312.11,190.21
2022,RBL BANK LTD,4149.05,3621.96
2022,SOUTH INDIAN BANK LTD,4346.78,2026.29
2022,TAMILNAD MERCANTILE BANK LTD,2018.63,1111.04
2022,YES BANK LTD.,12525.66,6844.39
2022,AB BANK LIMITED,0.72,17.23
2022,ABU DHABI COMMERCIAL BANK PJSC,,18.81
2022,AMERICAN EXPRESS BANKING CORP.,107.00,1257.65
2022,AUSTRALIA AND NEW ZEALAND BANKING GROUP LIMITED,107.43,168.34
2022,"BANK OF AMERICA , NATIONAL ASSOCIATION",513.08,893.48
2022,BANK OF BAHRAIN & KUWAIT B.S.C.,103.48,38.66
2022,BANK OF CEYLON,13.04,10.57
2022,BANK OF CHINA LIMITED,1.26,40.73
2022,BANK OF NOVA SCOTIA,101.08,92.54
2022,BARCLAYS BANK PLC,507.73,554.83
2022,BNP PARIBAS,823.56,610.89
2022,CITIBANK N.A,2635.71,4762.49
2022,COOPERATIEVE RABOBANK U.A.,98.99,139.83
2022,CREDIT AGRICOLE CORPORATE AND INVESTMENT BANK,222.94,190.36
2022,CREDIT SUISSE AG,428.04,95.13
2022,"CTBC BANK CO., LTD.",58.10,56.66
2022,DBS BANK INDIA LIMITED,2310.37,2652.18
2022,DEUTSCHE BANK AG,2380.24,2632.42
2022,DOHA BANK Q.P.S.C.,36.77,41.53
2022,EMIRATES NBD BANK (P.J.S.C.),61.25,80.27
2022,FIRST ABU DHABI BANK PJSC,190.10,100.76
2022,FIRSTRAND BANK LTD,0.79,41.90
2022,HONGKONG AND SHANGHAI BANKING CORPN.LTD.,4370.80,4084.23
2022,INDUSTRIAL AND COMMERCIAL BANK OF CHINA,74.27,57.25
2022,INDUSTRIAL BANK OF KOREA,3.92,15.08
2022,JPMORGAN CHASE BANK NATIONAL ASSOCIATION,759.76,697.75
2022,JSC VTB BANK,,8.90
2022,KEB HANA BANK,32.31,35.28
2022,KOOKMIN BANK,43.08,25.59
2022,KRUNG THAI BANK PUBLIC COMPANY LIMITED,1.68,6.03
2022,MASHREQ BANK PSC,3.47,29.91
2022,MIZUHO BANK LTD,369.28,338.83
2022,"MUFG BANK, LTD.",622.98,387.57
2022,PT BANK MAYBANK INDONESIA TBK,0.08,33.72
2022,QATAR NATIONAL BANK (Q.P.S.C),36.44,33.00
2022,SBERBANK,0.36,40.83
2022,SBM BANK (INDIA) LIMITED,272.21,185.60
2022,SHINHAN BANK,330.20,147.55
2022,SOCIETE GENERALE,68.37,150.92
2022,SONALI BANK,1.94,6.69
2022,STANDARD CHARTERED BANK,3132.62,3783.95
2022,SUMITOMO MITSUI BANKING CORPORATION,485.63,229.25
2022,THE ROYAL BANK OF SCOTLAND N.V.,41.91,93.56
2022,UNITED OVERSEAS BANK LTD,21.51,28.55
2022,WOORI BANK,107.23,54.81
2022,AU SMALL FINANCE BANK LIMITED,2687.61,2412.77
2022,CAPITAL SMALL FINANCE BANK LIMITED,322.94,196.25
2022,EQUITAS SMALL FINANCE BANK LIMITED,1421.13,1704.15
2022,ESAF SMALL FINANCE BANK LIMITED,792.79,862.87
2022,FINCARE SMALL FINANCE BANK LIMITED,569.78,646.80
2022,JANA SMALL FINANCE BANK LIMITED,1336.75,1138.82
2022,NORTH EAST SMALL FINANCE BANK LIMITED,122.06,142.07
2022,SHIVALIK SMALL FINANCE BANK LIMITED,75.03,66.33
2022,SURYODAY SMALL FINANCE BANK LIMITED,357.37,413.10
2022,UJJIVAN SMALL FINANCE BANK LIMITED,1039.21,1496.38
2022,UTKARSH SMALL FINANCE BANK LIMITED,787.96,733.75
2022,AIRTEL PAYMENTS BANK LIMITED,17.76,912.60
2022,FINO PAYMENTS BANK LIMITED,15.31,950.81
2022,INDIA POST PAYMENTS BANK LIMITED,71.12,559.54
2022,PAYTM PAYMENTS BANK LIMITED,51.82,2459.22
2021,BANK OF BARODA,41686.04,20543.66
2021,BANK OF INDIA,26329.60,10839.11
2021,BANK OF MAHARASHTRA,6971.07,3565.06
2021,CANARA BANK,45177.62,19338.18
2021,CENTRAL BANK OF INDIA,14485.19,6782.23
2021,INDIAN BANK,23439.84,10349.55
2021,INDIAN OVERSEAS BANK,11067.02,5561.72
2021,PUNJAB AND SIND BANK,4712.00,2393.50
2021,PUNJAB NATIONAL BANK,50272.79,20308.75
2021,STATE BANK OF INDIA,154440.63,82652.22
2021,UCO BANK,8966.45,4754.81
2021,UNION BANK OF INDIA,44078.91,16765.99
2021,AXIS BANK LIMITED,34107.11,18375.15
2021,BANDHAN BANK LIMITED,4960.86,2816.88
2021,CITY UNION BANK LIMITED,2305.02,1050.59
2021,CSB BANK LIMITED,930.91,729.00
2021,DCB BANK LIMITED,2171.60,846.63
2021,DHANLAXMI BANK LIMITED,601.10,366.04
2021,FEDERAL BANK LTD,8224.20,3691.72
2021,HDFC BANK LTD.,55978.66,32722.63
2021,ICICI BANK LIMITED,40128.84,21560.83
2021,IDBI BANK LIMITED,11414.21,6047.50
2021,IDFC FIRST BANK LIMITED,8587.60,7093.28
2021,INDUSIND BANK LTD,15471.90,8359.83
2021,JAMMU & KASHMIR BANK LTD,4340.31,2878.54
2021,KARNATAKA BANK LTD,4049.23,1679.11
2021,KARUR VYSYA BANK LTD,3110.91,1986.83
2021,KOTAK MAHINDRA BANK LTD.,11500.62,8584.14
2021,NAINITAL BANK LTD,362.15,161.80
2021,RBL BANK LTD,4541.45,2754.59
2021,SOUTH INDIAN BANK LTD,4898.54,1974.47
2021,TAMILNAD MERCANTILE BANK LTD,2071.52,979.65
2021,YES BANK LTD.,12613.23,5792.02
2021,AB BANK LIMITED,0.98,15.09
2021,ABU DHABI COMMERCIAL BANK PJSC,,2.90
2021,AMERICAN EXPRESS BANKING CORP.,103.23,1257.63
2021,AUSTRALIA AND NEW ZEALAND BANKING GROUP LIMITED,119.23,135.68
2021,"BANK OF AMERICA , NATIONAL ASSOCIATION",649.88,842.64
2021,BANK OF BAHRAIN & KUWAIT B.S.C.,121.45,38.81
2021,BANK OF CEYLON,12.56,8.49
2021,BANK OF CHINA LIMITED,2.25,38.58
2021,BANK OF NOVA SCOTIA,108.08,104.66
2021,BARCLAYS BANK PLC,332.89,527.89
2021,BNP PARIBAS,669.87,633.16
2021,CITIBANK N.A,3310.20,4261.83
2021,COOPERATIEVE RABOBANK U.A.,138.21,113.64
2021,CREDIT AGRICOLE CORPORATE AND INVESTMENT BANK,228.39,174.14
2021,CREDIT SUISSE AG,254.13,77.66
2021,"CTBC BANK CO., LTD.",50.75,48.00
2021,DBS BANK INDIA LIMITED,1795.85,1719.07
2021,DEUTSCHE BANK AG,2214.08,2306.09
2021,DOHA BANK Q.P.S.C.,60.00,43.16
2021,EMIRATES NBD BANK (P.J.S.C.),52.53,70.55
2021,FIRST ABU DHABI BANK PJSC,120.03,85.03
2021,FIRSTRAND BANK LTD,30.17,72.11
2021,HONGKONG AND SHANGHAI BANKING CORPN.LTD.,3825.36,3951.97
2021,INDUSTRIAL AND COMMERCIAL BANK OF CHINA,95.90,47.36
2021,INDUSTRIAL BANK OF KOREA,3.52,13.29
2021,JPMORGAN CHASE BANK NATIONAL ASSOCIATION,604.82,617.48
2021,JSC VTB BANK,,8.19
2021,KEB HANA BANK,34.74,33.75
2021,KOOKMIN BANK,24.32,23.19
2021,KRUNG THAI BANK PUBLIC COMPANY LIMITED,9.37,7.40
2021,MASHREQ BANK PSC,7.36,27.28
2021,MIZUHO BANK LTD,405.90,309.21
2021,"MUFG BANK, LTD.",648.89,379.25
2021,PT BANK MAYBANK INDONESIA TBK,0.24,17.62
2021,QATAR NATIONAL BANK (Q.P.S.C),29.14,30.47
2021,SBERBANK,0.78,34.17
2021,SBM BANK (INDIA) LIMITED,155.02,126.78
2021,SHINHAN BANK,342.28,135.37
2021,SOCIETE GENERALE,92.67,125.30
2021,SONALI BANK,2.09,6.43
2021,STANDARD CHARTERED BANK,4136.79,3486.53
2021,SUMITOMO MITSUI BANKING CORPORATION,606.52,205.57
2021,THE ROYAL BANK OF SCOTLAND N.V.,10.54,87.12
2021,UNITED OVERSEAS BANK LTD,33.70,26.46
2021,WOORI BANK,115.27,56.53
2021,AU SMALL FINANCE BANK LIMITED,2584.61,1658.43
2021,CAPITAL SMALL FINANCE BANK LIMITED,312.83,172.96
2021,EQUITAS SMALL FINANCE BANK LIMITED,1396.45,1329.43
2021,ESAF SMALL FINANCE BANK LIMITED,719.58,631.86
2021,FINCARE SMALL FINANCE BANK LIMITED,550.04,463.28
2021,JANA SMALL FINANCE BANK LIMITED,1234.58,1047.31
2021,NORTH EAST SMALL FINANCE BANK LIMITED,139.12,141.99
2021,SURYODAY SMALL FINANCE BANK LIMITED,365.65,328.64
2021,UJJIVAN SMALL FINANCE BANK LIMITED,1077.51,1230.08
2021,UTKARSH SMALL FINANCE BANK LIMITED,741.74,545.06
2021,FINO PAYMENTS BANK LIMITED,9.54,756.99
2021,INDIA POST PAYMENTS BANK LIMITED,45.91,494.02
2020,ALLAHABAD BANK,11474.62,4818.58
2020,ANDHRA BANK,12795.49,4639.04
2020,BANK OF BARODA,48532.37,18872.39
2020,BANK OF INDIA,27096.29,10451.40
2020,BANK OF MAHARASHTRA,7216.65,3080.96
2020,CANARA BANK,35811.08,11577.23
2020,CENTRAL BANK OF INDIA,15933.62,6921.52
2020,CORPORATION BANK,10942.10,5175.19
2020,INDIAN BANK,13798.55,4420.84
2020,INDIAN OVERSEAS BANK,12103.28,5128.83
2020,ORIENTAL BANK OF COMMERCE,13577.35,5836.02
2020,PUNJAB AND SIND BANK,5871.98,1858.03
2020,PUNJAB NATIONAL BANK,36362.24,11973.37
2020,STATE BANK OF INDIA,159238.77,75173.69
2020,SYNDICATE BANK,14744.58,6744.78
2020,UCO BANK,10042.06,3127.89
2020,UNION BANK OF INDIA,25794.37,7516.41
2020,UNITED BANK OF INDIA,6669.88,5403.99
2020,AXIS BANK LIMITED,37428.95,17304.62
2020,BANDHAN BANK LIMITED,4561.58,2426.54
2020,CITY UNION BANK LIMITED,2493.41,1013.74
2020,CSB BANK LIMITED,917.60,533.32
2020,DCB BANK LIMITED,2271.72,902.94
2020,DHANLAXMI BANK LIMITED,614.41,324.06
2020,FEDERAL BANK LTD,8561.85,3375.61
2020,HDFC BANK LTD.,58626.40,30697.53
2020,ICICI BANK LIMITED,41531.25,21614.41
2020,IDBI BANK LIMITED,13847.30,6336.16
2020,IDFC FIRST BANK LIMITED,10232.00,5860.99
2020,INDUSIND BANK LTD,16724.09,8237.34
2020,JAMMU & KASHMIR BANK LTD,4739.62,2727.54
2020,KARNATAKA BANK LTD,4444.41,1635.22
2020,KARUR VYSYA BANK LTD,3642.04,1741.71
2020,KOTAK MAHINDRA BANK LTD.,13429.95,8850.94
2020,LAKSHMI VILAS BANK LTD,1778.96,794.52
2020,NAINITAL BANK LTD,453.03,162.43
2020,RBL BANK LTD,4884.74,2825.56
2020,SOUTH INDIAN BANK LTD,5446.30,1717.61
2020,TAMILNAD MERCANTILE BANK LTD,2146.59,850.91
2020,YES BANK LTD.,19261.37,6729.21
2020,AB BANK LIMITED,1.37,25.85
2020,ABU DHABI COMMERCIAL BANK PJSC,62.69,83.07
2020,AMERICAN EXPRESS BANKING CORP.,150.15,1791.78
2020,AUSTRALIA AND NEW ZEALAND BANKING GROUP LIMITED,211.89,138.66
2020,"BANK OF AMERICA , NATIONAL ASSOCIATION",1657.64,794.75
2020,BANK OF BAHRAIN & KUWAIT B.S.C.,135.48,45.02
2020,BANK OF CEYLON,12.23,7.84
2020,BANK OF CHINA LIMITED,0.17,33.78
2020,BANK OF NOVA SCOTIA,177.30,107.96
2020,BARCLAYS BANK PLC,735.10,512.14
2020,BNP PARIBAS,1301.03,729.03
2020,CITIBANK N.A,4385.51,4218.19
2020,COOPERATIEVE RABOBANK U.A.,253.47,135.24
2020,CREDIT AGRICOLE CORPORATE AND INVESTMENT BANK,305.78,159.56
2020,CREDIT SUISSE AG,174.34,59.05
2020,"CTBC BANK CO., LTD.",50.64,49.04
2020,DBS BANK INDIA LIMITED,2076.87,1242.38
2020,DEUTSCHE BANK AG,2876.09,1995.90
2020,DOHA BANK Q.P.S.C.,67.10,44.09
2020,EMIRATES NBD BANK (P.J.S.C.),60.82,69.38
2020,FIRST ABU DHABI BANK PJSC,99.73,78.04
2020,FIRSTRAND BANK LTD,78.55,56.20
2020,HONGKONG AND SHANGHAI BANKING CORPN.LTD.,4609.31,3525.32
2020,INDUSTRIAL AND COMMERCIAL BANK OF CHINA,145.42,53.27
2020,INDUSTRIAL BANK OF KOREA,2.33,13.29
2020,JPMORGAN CHASE BANK NATIONAL ASSOCIATION,697.42,485.81
2020,JSC VTB BANK,,7.50
2020,KEB HANA BANK,53.72,29.13
2020,KOOKMIN BANK,3.94,20.50
2020,KRUNG THAI BANK PUBLIC COMPANY LIMITED,14.74,6.43
2020,MASHREQ BANK PSC,14.96,26.28
2020,MIZUHO BANK LTD,600.15,262.83
2020,"MUFG BANK, LTD.",1035.39,327.87
2020,PT BANK MAYBANK INDONESIA TBK,1.12,17.86
2020,QATAR NATIONAL BANK (Q.P.S.C),19.87,26.61
2020,SBERBANK,0.38,30.38
2020,SBM BANK (INDIA) LIMITED,78.52,87.83
2020,SHINHAN BANK,434.22,126.80
2020,SOCIETE GENERALE,140.20,143.14
2020,SONALI BANK,2.25,7.73
2020,STANDARD CHARTERED BANK,5040.98,3503.76
2020,SUMITOMO MITSUI BANKING CORPORATION,768.22,171.56
2020,THE ROYAL BANK OF SCOTLAND N.V.,73.40,162.46
2020,UNITED OVERSEAS BANK LTD,31.68,81.20
2020,WESTPAC BANKING CORPORATION,4.88,36.82
2020,WOORI BANK,162.80,53.06
2020,AU SMALL FINANCE BANK LIMITED,2376.94,1417.86
2020,CAPITAL SMALL FINANCE BANK LIMITED,285.51,163.33
2020,EQUITAS SMALL FINANCE BANK LIMITED,1150.14,1180.08
2020,ESAF SMALL FINANCE BANK LIMITED,621.06,600.68
2020,FINCARE SMALL FINANCE BANK LIMITED,451.50,426.13
2020,JANA SMALL FINANCE BANK LIMITED,980.16,1164.08
2020,NORTH EAST SMALL FINANCE BANK LIMITED,136.73,132.62
2020,SURYODAY SMALL FINANCE BANK LIMITED,276.18,272.12
2020,UJJIVAN SMALL FINANCE BANK LIMITED,1070.01,1318.58
2020,UTKARSH SMALL FINANCE BANK LIMITED,579.46,476.48
2020,INDIA POST PAYMENTS BANK LIMITED,13.60,487.53
2019,ALLAHABAD BANK,11353.48,4444.00
2019,ANDHRA BANK,12223.99,3730.15
2019,BANK OF BARODA,31290.30,11287.98
2019,BANK OF INDIA,27110.14,10224.35
2019,BANK OF MAHARASHTRA,7116.12,3083.33
2019,CANARA BANK,32332.22,10462.21
2019,CENTRAL BANK OF INDIA,15866.39,6058.62
2019,CORPORATION BANK,10114.17,3486.07
2019,DENA BANK,5767.32,3246.74
2019,INDIAN BANK,12166.72,4020.37
2019,INDIAN OVERSEAS BANK,12352.13,4451.58
2019,ORIENTAL BANK OF COMMERCE,12369.57,4614.44
2019,PUNJAB AND SIND BANK,6278.97,1711.12
2019,PUNJAB NATIONAL BANK,34153.94,11538.48
2019,STATE BANK OF INDIA,154519.78,69687.74
2019,SYNDICATE BANK,15076.54,6053.49
2019,UCO BANK,10019.48,3064.42
2019,UNION BANK OF INDIA,23851.75,7167.63
2019,UNITED BANK OF INDIA,6585.27,2947.60
2019,VIJAYA BANK,10065.33,3834.01
2019,AXIS BANK LIMITED,33277.60,15833.41
2019,BANDHAN BANK LIMITED,2147.95,1810.28
2019,CITY UNION BANK LIMITED,2155.68,885.89
2019,CSB BANK LIMITED,907.56,562.51
2019,DCB BANK LIMITED,1892.20,852.85
2019,DHANLAXMI BANK LIMITED,624.72,304.58
2019,FEDERAL BANK LTD,7242.68,2764.27
2019,HDFC BANK LTD.,50728.83,26119.37
2019,ICICI BANK LIMITED,36386.40,18089.06
2019,IDBI BANK LIMITED,16165.62,5153.79
2019,IDFC FIRST BANK LIMITED,8749.08,5886.73
2019,INDUSIND BANK LTD,13414.97,6404.68
2019,JAMMU & KASHMIR BANK LTD,4291.63,2478.66
2019,KARNATAKA BANK LTD,4000.84,1457.27
2019,KARUR VYSYA BANK LTD,3453.00,1614.81
2019,KOTAK MAHINDRA BANK LTD.,12684.25,7514.80
2019,LAKSHMI VILAS BANK LTD,2279.75,822.43
2019,NAINITAL BANK LTD,425.88,147.11
2019,RBL BANK LTD,3761.23,2042.02
2019,SOUTH INDIAN BANK LTD,4856.82,1506.93
2019,TAMILNAD MERCANTILE BANK LTD,1994.30,760.23
2019,YES BANK LTD.,19815.72,6264.28
2019,AB BANK LIMITED,1.84,15.34
2019,ABU DHABI COMMERCIAL BANK PJSC,142.93,51.26
2019,AMERICAN EXPRESS BANKING CORP.,146.11,1512.59
2019,AUSTRALIA AND NEW ZEALAND BANKING GROUP LIMITED,196.16,136.44
2019,"BANK OF AMERICA , NATIONAL ASSOCIATION",931.23,733.88
2019,BANK OF BAHRAIN & KUWAIT B.S.C.,110.36,37.54
2019,BANK OF CEYLON,12.18,7.12
2019,BANK OF NOVA SCOTIA,251.20,101.10
2019,BARCLAYS BANK PLC,637.38,427.77
2019,BNP PARIBAS,1377.13,503.83
2019,CITIBANK N.A,3589.01,4249.88
2019,COOPERATIEVE RABOBANK U.A.,241.36,110.70
2019,CREDIT AGRICOLE CORPORATE AND INVESTMENT BANK,301.91,166.04
2019,CREDIT SUISSE AG,180.64,67.28
2019,"CTBC BANK CO., LTD.",32.43,42.75
2019,DBS BANK INDIA LIMITED,211.56,148.32
2019,DEUTSCHE BANK AG,2542.17,1862.06
2019,DOHA BANK Q.P.S.C.,55.12,44.30
2019,EMIRATES NBD BANK (P.J.S.C.),35.82,58.42
2019,FIRST ABU DHABI BANK PJSC,15.22,54.06
2019,FIRSTRAND BANK LTD,66.66,58.48
2019,HONGKONG AND SHANGHAI BANKING CORPN.LTD.,4501.86,3024.30
2019,INDUSTRIAL AND COMMERCIAL BANK OF CHINA,160.84,48.60
2019,INDUSTRIAL BANK OF KOREA,2.49,13.55
2019,JPMORGAN CHASE BANK NATIONAL ASSOCIATION,765.56,396.68
2019,JSC VTB BANK,,10.76
2019,KEB HANA BANK,34.45,18.81
2019,KRUNG THAI BANK PUBLIC COMPANY LIMITED,14.58,5.23
2019,MASHREQ BANK PSC,3.28,25.36
2019,MIZUHO BANK LTD,436.88,264.44
2019,"MUFG BANK, LTD.",948.89,284.79
2019,NATIONAL AUSTRALIA BANK,0.66,32.81
2019,PT BANK MAYBANK INDONESIA TBK,1.62,17.59
2019,QATAR NATIONAL BANK (Q.P.S.C),5.13,21.59
2019,SBERBANK,0.05,23.97
2019,SBM BANK (INDIA) LIMITED,19.14,59.88
2019,SHINHAN BANK,402.91,107.20
2019,SOCIETE GENERALE,184.52,127.74
2019,SONALI BANK,1.69,7.62
2019,STANDARD CHARTERED BANK,4918.86,3492.86
2019,SUMITOMO MITSUI BANKING CORPORATION,670.22,145.77
2019,THE ROYAL BANK OF SCOTLAND N.V.,83.92,68.41
2019,UNITED OVERSEAS BANK LTD,32.85,26.02
2019,WESTPAC BANKING CORPORATION,56.82,37.96
2019,WOORI BANK,150.60,46.05
2019,AU SMALL FINANCE BANK LIMITED,1606.53,1082.61
2019,CAPITAL SMALL FINANCE BANK LIMITED,211.15,132.17
2019,EQUITAS SMALL FINANCE BANK LIMITED,960.20,1008.49
2019,ESAF SMALL FINANCE BANK LIMITED,458.28,453.39
2019,SURYODAY SMALL FINANCE BANK LIMITED,191.29,193.53
2019,UJJIVAN SMALL FINANCE BANK LIMITED,725.20,1003.35
2019,UTKARSH SMALL FINANCE BANK LIMITED,382.29,326.27
2018,ALLAHABAD BANK,11626.10,3986.63
2018,ANDHRA BANK,11639.78,3345.79
2018,BANK OF BARODA,28126.77,10173.37
2018,BANK OF INDIA,27565.07,9101.17
2018,BANK OF MAHARASHTRA,7706.68,2704.39
2018,CANARA BANK,29088.76,9557.94
2018,CENTRAL BANK OF INDIA,17518.51,6406.37
2018,CORPORATION BANK,12790.11,3200.89
2018,DENA BANK,6456.41,2468.18
2018,IDBI BANK LIMITED,17386.21,4744.69
2018,INDIAN BANK,10850.09,3668.40
2018,INDIAN OVERSEAS BANK,12447.64,5584.93
2018,ORIENTAL BANK OF COMMERCE,12888.13,3589.95
2018,PUNJAB AND SIND BANK,5713.56,1671.68
2018,PUNJAB NATIONAL BANK,33073.36,13509.07
2018,STATE BANK OF INDIA,145645.60,59943.45
2018,SYNDICATE BANK,15223.93,5494.06
2018,UCO BANK,10895.40,2911.49
2018,UNION BANK OF INDIA,23443.34,6654.96
2018,UNITED BANK OF INDIA,6848.76,2683.38
2018,VIJAYA BANK,8286.95,2805.70
2018,AXIS BANK LIMITED,27162.58,13990.34
2018,BANDHAN BANK LIMITED,1770.06,1308.31
2018,CITY UNION BANK LIMITED,1972.12,754.65
2018,CSB BANK LIMITED,912.00,435.90
2018,DCB BANK LIMITED,1417.56,780.73
2018,DHANLAXMI BANK LIMITED,667.52,302.09
2018,FEDERAL BANK LTD,6170.05,2450.90
2018,HDFC BANK LTD.,40146.49,22690.38
2018,ICICI BANK LIMITED,31940.05,15703.94
2018,IDFC BANK LIMITED,7131.91,1652.59
2018,INDUSIND BANK LTD,9783.30,5591.44
2018,JAMMU & KASHMIR BANK LTD,3750.61,1984.23
2018,KARNATAKA BANK LTD,3566.10,1338.83
2018,KARUR VYSYA BANK LTD,3401.54,1420.72
2018,KOTAK MAHINDRA BANK LTD.,10216.81,6425.72
2018,LAKSHMI VILAS BANK LTD,2251.02,782.03
2018,NAINITAL BANK LTD,411.41,143.67
2018,RBL BANK LTD,2741.28,1503.41
2018,SOUTH INDIAN BANK LTD,4227.29,1321.98
2018,TAMILNAD MERCANTILE BANK LTD,2040.76,709.86
2018,YES BANK LTD.,12530.36,5212.78
2018,AB BANK LIMITED,1.77,15.11
2018,ABU DHABI COMMERCIAL BANK PJSC,125.61,43.77
2018,AMERICAN EXPRESS BANKING CORP.,125.81,1225.68
2018,AUSTRALIA AND NEW ZEALAND BANKING GROUP LIMITED,158.04,142.60
2018,"BANK OF AMERICA , NATIONAL ASSOCIATION",771.77,676.68
2018,BANK OF BAHRAIN & KUWAIT B.S.C.,83.09,34.73
2018,BANK OF CEYLON,10.68,7.01
2018,BANK OF NOVA SCOTIA,181.21,98.36
2018,BARCLAYS BANK PLC,492.86,443.02
2018,BNP PARIBAS,1256.84,497.76
2018,CITIBANK N.A,3086.95,3990.26
2018,COOPERATIEVE RABOBANK U.A.,125.51,86.64
2018,CREDIT AGRICOLE CORPORATE AND INVESTMENT BANK,218.89,131.10
2018,CREDIT SUISSE AG,147.72,75.35
2018,"CTBC BANK CO., LTD.",21.48,40.57
2018,DBS BANK INDIA LIMITED,1837.49,948.83
2018,DEUTSCHE BANK AG,2081.29,1672.63
2018,DOHA BANK Q.P.S.C.,39.01,39.29
2018,EMIRATES NBD BANK (P.J.S.C.),1.50,45.15
2018,FIRST ABU DHABI BANK PJSC,2.32,47.97
2018,FIRSTRAND BANK LTD,50.34,75.36
2018,HONGKONG AND SHANGHAI BANKING CORPN.LTD.,3553.51,2643.43
2018,INDUSTRIAL AND COMMERCIAL BANK OF CHINA,105.29,43.01
2018,INDUSTRIAL BANK OF KOREA,2.19,13.14
2018,JPMORGAN CHASE BANK NATIONAL ASSOCIATION,593.08,320.36
2018,JSC VTB BANK,,13.57
2018,KEB HANA BANK,15.24,15.23
2018,KRUNG THAI BANK PUBLIC COMPANY LIMITED,13.75,3.78
2018,MASHREQ BANK PSC,2.08,21.89
2018,MIZUHO BANK LTD,348.92,248.92
2018,"MUFG BANK, LTD.",737.20,254.43
2018,NATIONAL AUSTRALIA BANK,3.31,32.59
2018,PT BANK MAYBANK INDONESIA TBK,3.05,18.79
2018,QATAR NATIONAL BANK (Q.P.S.C),0.69,19.21
2018,SBERBANK,0.60,17.02
2018,SBM BANK (INDIA) LIMITED,86.50,28.43
2018,SHINHAN BANK,364.38,95.49
2018,SOCIETE GENERALE,124.74,117.72
2018,SONALI BANK,2.10,7.28
2018,STANDARD CHARTERED BANK,4015.57,3328.19
2018,SUMITOMO MITSUI BANKING CORPORATION,433.90,133.18
2018,THE ROYAL BANK OF SCOTLAND N.V.,75.36,194.82
2018,UNITED OVERSEAS BANK LTD,18.15,23.77
2018,WESTPAC BANKING CORPORATION,46.96,39.56
2018,WOORI BANK,55.30,39.10
2018,AU SMALL FINANCE BANK LIMITED,826.73,752.61
2018,CAPITAL SMALL FINANCE BANK LIMITED,166.49,94.68
2018,EQUITAS SMALL FINANCE BANK LIMITED,682.17,881.11
2018,SURYODAY SMALL FINANCE BANK LIMITED,123.15,131.38
2018,UJJIVAN SMALL FINANCE BANK LIMITED,606.86,652.87
2018,UTKARSH SMALL FINANCE BANK LIMITED,250.73,235.55
2017,STATE BANK OF BIKANER AND JAIPUR,6274.90,2352.10
2017,STATE BANK OF HYDERABAD,9378.40,2799.80
2017,STATE BANK OF INDIA,113658.50,46472.77
2017,STATE BANK OF MYSORE,4956.90,1956.92
2017,STATE BANK OF PATIALA,7481.22,2287.89
2017,STATE BANK OF TRAVANCORE,7100.00,2415.76
2017,ALLAHABAD BANK,12373.36,4064.59
2017,ANDHRA BANK,12495.77,3451.99
2017,BANK OF BARODA,28686.52,9296.40
2017,BANK OF INDIA,27464.74,8865.80
2017,BANK OF MAHARASHTRA,8887.27,2855.70
2017,BHARATIYA MAHILA BANK LTD.,65.17,90.71
2017,CANARA BANK,31515.87,8512.28
2017,CENTRAL BANK OF INDIA,18087.40,6361.03
2017,CORPORATION BANK,15020.46,3101.79
2017,DENA BANK,7773.31,2269.55
2017,IDBI BANK LIMITED,22039.71,5140.81
2017,INDIAN BANK,10893.69,3356.72
2017,INDIAN OVERSEAS BANK,14529.02,4912.01
2017,ORIENTAL BANK OF COMMERCE,13512.83,3504.88
2017,PUNJAB AND SIND BANK,6013.54,1495.55
2017,PUNJAB NATIONAL BANK,32282.82,9379.38
2017,SYNDICATE BANK,16727.82,5500.13
2017,UCO BANK,12509.02,3005.19
2017,UNION BANK OF INDIA,23756.64,6437.84
2017,UNITED BANK OF INDIA,7500.18,2561.46
2017,VIJAYA BANK,8873.02,2736.55
2017,AXIS BANK LIMITED,26449.04,12199.91
2017,BANDHAN BANK LIMITED,1505.21,1022.00
2017,CITY UNION BANK LIMITED,1975.02,688.97
2017,CSB BANK LIMITED,1022.69,443.09
2017,DCB BANK LIMITED,1279.06,627.73
2017,DHANLAXMI BANK LIMITED,757.46,348.55
2017,FEDERAL BANK LTD,5624.74,2209.53
2017,HDFC BANK LTD.,36166.73,19703.34
2017,ICICI BANK LIMITED,32418.96,14755.06
2017,IDFC BANK LIMITED,6515.39,1276.98
2017,INDUSIND BANK LTD,8343.07,4783.08
2017,JAMMU & KASHMIR BANK LTD,4173.86,1710.46
2017,KARNATAKA BANK LTD,3694.78,1304.16
2017,KARUR VYSYA BANK LTD,3548.65,1284.95
2017,KOTAK MAHINDRA BANK LTD.,9572.78,5618.50
2017,LAKSHMI VILAS BANK LTD,2064.00,651.37
2017,NAINITAL BANK LTD,374.49,127.83
2017,RBL BANK LTD,2491.82,1056.39
2017,SOUTH INDIAN BANK LTD,4171.65,1176.40
2017,TAMILNAD MERCANTILE BANK LTD,2230.15,705.57
2017,YES BANK LTD.,10627.34,4116.54
2017,AB BANK LIMITED,1.80,17.98
2017,ABU DHABI COMMERCIAL BANK PJSC,153.38,40.26
2017,AMERICAN EXPRESS BANKING CORP.,110.04,1058.41
2017,AUSTRALIA AND NEW ZEALAND BANKING GROUP LIMITED,164.84,148.94
2017,"BANK OF AMERICA , NATIONAL ASSOCIATION",711.19,637.14
2017,BANK OF BAHRAIN & KUWAIT B.S.C.,72.75,31.27
2017,BANK OF CEYLON,9.42,6.52
2017,BANK OF NOVA SCOTIA,310.11,98.94
2017,BARCLAYS BANK PLC,765.81,409.09
2017,BNP PARIBAS,1502.95,460.69
2017,CITIBANK N.A,3600.17,3795.68
2017,COMMONWEALTH BANK OF AUSTRALIA,6.14,31.69
2017,COOPERATIEVE RABOBANK U.A.,113.60,95.16
2017,CREDIT AGRICOLE CORPORATE AND INVESTMENT BANK,222.81,128.73
2017,CREDIT SUISSE AG,332.46,76.43
2017,"CTBC BANK CO., LTD.",20.87,34.41
2017,DBS BANK INDIA LIMITED,1853.38,825.01
2017,DEUTSCHE BANK AG,2312.48,1384.94
2017,DOHA BANK Q.P.S.C.,56.44,35.71
2017,FIRST ABU DHABI BANK PJSC,0.07,39.21
2017,FIRSTRAND BANK LTD,82.18,130.08
2017,HONGKONG AND SHANGHAI BANKING CORPN.LTD.,3977.61,2827.73
2017,INDUSTRIAL AND COMMERCIAL BANK OF CHINA,51.44,47.79
2017,INDUSTRIAL BANK OF KOREA,1.34,12.12
2017,JPMORGAN CHASE BANK NATIONAL ASSOCIATION,797.35,283.02
2017,JSC VTB BANK,,14.04
2017,KEB HANA BANK,12.84,16.85
2017,KRUNG THAI BANK PUBLIC COMPANY LIMITED,13.19,3.67
2017,MASHREQ BANK PSC,1.05,19.51
2017,MIZUHO BANK LTD,369.26,245.71
2017,"MUFG BANK, LTD.",722.16,251.05
2017,NATIONAL AUSTRALIA BANK,0.72,34.72
2017,PT BANK MAYBANK INDONESIA TBK,4.81,18.04
2017,SBERBANK,7.87,17.80
2017,SBM BANK (INDIA) LIMITED,74.70,24.52
2017,SHINHAN BANK,281.92,75.34
2017,SOCIETE GENERALE,187.22,122.98
2017,SONALI BANK,1.96,7.29
2017,STANDARD CHARTERED BANK,4239.35,3091.31
2017,SUMITOMO MITSUI BANKING CORPORATION,425.41,118.77
2017,THE ROYAL BANK OF SCOTLAND N.V.,4.91,38.55
2017,UNITED OVERSEAS BANK LTD,29.81,23.56
2017,WESTPAC BANKING CORPORATION,85.23,44.08
2017,WOORI BANK,33.67,22.39
2017,CAPITAL SMALL FINANCE BANK LIMITED,149.66,70.69
2017,EQUITAS SMALL FINANCE BANK LIMITED,447.16,509.24
2016,STATE BANK OF BIKANER AND JAIPUR,6288.13,2056.36
2016,STATE BANK OF HYDERABAD,9593.59,2746.53
2016,STATE BANK OF INDIA,106803.49,41782.37
2016,STATE BANK OF MYSORE,5012.42,1675.83
2016,STATE BANK OF PATIALA,7831.56,1919.26
2016,STATE BANK OF TRAVANCORE,7054.96,1903.78
2016,ALLAHABAD BANK,12986.45,3674.72
2016,ANDHRA BANK,12313.71,2925.44
2016,BANK OF BARODA,31321.43,8923.14
2016,BANK OF INDIA,30071.85,9341.54
2016,BANK OF MAHARASHTRA,9174.29,2552.81
2016,BHARATIYA MAHILA BANK LTD.,67.26,100.21
2016,CANARA BANK,34258.77,7491.93
2016,CENTRAL BANK OF INDIA,18822.27,6661.99
2016,CORPORATION BANK,15171.78,2879.60
2016,DENA BANK,8168.99,2268.25
2016,IDBI BANK LIMITED,21953.81,4129.58
2016,INDIAN BANK,11797.60,3195.50
2016,INDIAN OVERSEAS BANK,18134.60,5025.50
2016,ORIENTAL BANK OF COMMERCE,14793.93,3458.78
2016,PUNJAB AND SIND BANK,6568.55,1384.38
2016,PUNJAB NATIONAL BANK,32112.57,9972.45
2016,SYNDICATE BANK,17213.08,5242.12
2016,UCO BANK,13712.95,2840.94
2016,UNION BANK OF INDIA,23885.70,6302.22
2016,UNITED BANK OF INDIA,7656.11,2972.78
2016,VIJAYA BANK,9322.74,2085.82
2016,AXIS BANK LIMITED,24155.07,10100.82
2016,BANDHAN BANK LIMITED,648.53,615.92
2016,CITY UNION BANK LIMITED,1963.17,557.73
2016,CSB BANK LIMITED,1159.27,432.04
2016,DCB BANK LIMITED,1078.96,490.93
2016,DHANLAXMI BANK LIMITED,899.60,380.90
2016,FEDERAL BANK LTD,5240.45,1892.12
2016,HDFC BANK LTD.,32629.93,16979.70
2016,ICICI BANK LIMITED,31515.39,12683.56
2016,IDFC BANK LIMITED,2801.50,510.58
2016,INDUSIND BANK LTD,7355.17,3672.10
2016,JAMMU & KASHMIR BANK LTD,4133.48,1546.20
2016,KARNATAKA BANK LTD,3689.34,991.20
2016,KARUR VYSYA BANK LTD,3662.03,1185.12
2016,KOTAK MAHINDRA BANK LTD.,9483.81,5471.52
2016,LAKSHMI VILAS BANK LTD,1922.99,542.71
2016,NAINITAL BANK LTD,359.28,122.30
2016,RBL BANK LTD,1925.10,767.34
2016,SOUTH INDIAN BANK LTD,4047.50,1147.84
2016,TAMILNAD MERCANTILE BANK LTD,2208.16,636.96
2016,YES BANK LTD.,8966.72,2976.37
2016,AB BANK LIMITED,1.72,14.63
2016,ABU DHABI COMMERCIAL BANK PJSC,138.59,38.46
2016,AMERICAN EXPRESS BANKING CORP.,147.84,828.48
2016,AUSTRALIA AND NEW ZEALAND BANKING GROUP LIMITED,188.84,158.71
2016,"BANK OF AMERICA , NATIONAL ASSOCIATION",799.74,585.42
2016,BANK OF BAHRAIN & KUWAIT B.S.C.,71.57,31.15
2016,BANK OF CEYLON,8.06,6.20
2016,BANK OF NOVA SCOTIA,379.07,93.80
2016,BARCLAYS BANK PLC,833.03,392.62
2016,BNP PARIBAS,1230.81,503.50
2016,CITIBANK N.A,4248.16,3453.23
2016,COMMONWEALTH BANK OF AUSTRALIA,10.97,27.61
2016,COOPERATIEVE RABOBANK U.A.,95.36,84.07
2016,CREDIT AGRICOLE CORPORATE AND INVESTMENT BANK,191.77,116.26
2016,CREDIT SUISSE AG,475.88,77.22
2016,"CTBC BANK CO., LTD.",16.10,29.79
2016,DBS BANK INDIA LIMITED,1339.01,602.69
2016,DEUTSCHE BANK AG,2140.00,1327.78
2016,DOHA BANK Q.P.S.C.,10.84,25.89
2016,FIRST ABU DHABI BANK PJSC,,24.66
2016,FIRSTRAND BANK LTD,76.35,127.51
2016,HONGKONG AND SHANGHAI BANKING CORPN.LTD.,4126.76,2699.90
2016,INDUSTRIAL AND COMMERCIAL BANK OF CHINA,31.44,36.88
2016,INDUSTRIAL BANK OF KOREA,0.72,10.66
2016,JPMORGAN CHASE BANK NATIONAL ASSOCIATION,982.10,236.22
2016,JSC VTB BANK,,12.71
2016,KBC BANK N.V.,12.97,16.79
2016,KEB HANA BANK,6.39,13.82
2016,KRUNG THAI BANK PUBLIC COMPANY LIMITED,12.99,3.52
2016,MASHREQ BANK PSC,0.47,17.29
2016,MIZUHO BANK LTD,243.99,213.37
2016,"MUFG BANK, LTD.",702.89,237.03
2016,NATIONAL AUSTRALIA BANK,0.24,37.56
2016,PT BANK MAYBANK INDONESIA TBK,2.82,18.78
2016,SBERBANK,10.60,15.07
2016,SBM BANK (INDIA) LIMITED,83.06,38.44
2016,SHINHAN BANK,186.13,58.10
2016,SOCIETE GENERALE,242.68,127.24
2016,SONALI BANK,1.60,6.81
2016,STANDARD CHARTERED BANK,4154.07,2917.52
2016,SUMITOMO MITSUI BANKING CORPORATION,295.44,99.44
2016,THE ROYAL BANK OF SCOTLAND N.V.,481.88,749.50
2016,UNITED OVERSEAS BANK LTD,30.51,23.52
2016,WESTPAC BANKING CORPORATION,80.12,48.47
2016,WOORI BANK,31.38,16.76
2015,STATE BANK OF BIKANER AND JAIPUR,6064.02,1763.71
2015,STATE BANK OF HYDERABAD,9431.15,2804.01
2015,STATE BANK OF INDIA,97381.82,38053.87
2015,STATE BANK OF MYSORE,4853.09,1523.53
2015,STATE BANK OF PATIALA,7754.41,2004.19
2015,STATE BANK OF TRAVANCORE,7285.47,1925.77
2015,ALLAHABAD BANK,13538.24,3714.17
2015,ANDHRA BANK,11830.57,2739.44
2015,BANK OF BARODA,29776.32,7674.13
2015,BANK OF INDIA,32086.25,8088.59
2015,BANK OF MAHARASHTRA,8790.40,2525.93
2015,BHARATIYA MAHILA BANK LTD.,33.42,72.99
2015,CANARA BANK,34086.37,7263.55
2015,CENTRAL BANK OF INDIA,19161.71,5582.18
2015,CORPORATION BANK,15486.10,2525.36
2015,DENA BANK,8315.62,1838.92
2015,IDBI BANK LIMITED,22406.10,4027.42
2015,INDIAN BANK,11391.65,2810.93
2015,INDIAN OVERSEAS BANK,18554.38,4200.21
2015,ORIENTAL BANK OF COMMERCE,14877.18,3258.95
2015,PUNJAB AND SIND BANK,6909.35,1332.50
2015,PUNJAB NATIONAL BANK,29759.79,10491.55
2015,SYNDICATE BANK,16094.87,3622.60
2015,UCO BANK,13796.54,2655.78
2015,UNION BANK OF INDIA,23640.07,6143.43
2015,UNITED BANK OF INDIA,7689.82,1809.63
2015,VIJAYA BANK,9981.25,1912.21
2015,AXIS BANK LIMITED,21254.46,9203.75
2015,CITY UNION BANK LIMITED,1891.49,507.93
2015,CSB BANK LIMITED,1188.58,433.24
2015,DCB BANK LIMITED,914.20,396.49
2015,DHANLAXMI BANK LIMITED,984.75,358.20
2015,FEDERAL BANK LTD,5039.06,1630.93
2015,HDFC BANK LTD.,26074.24,13987.54
2015,ICICI BANK LIMITED,30051.53,11495.83
2015,INDUSIND BANK LTD,6271.69,2870.06
2015,ING VYSYA BANK LTD,3834.97,1617.59
2015,JAMMU & KASHMIR BANK LTD,4410.22,1409.05
2015,KARNATAKA BANK LTD,3529.57,902.47
2015,KARUR VYSYA BANK LTD,3929.97,1094.78
2015,KOTAK MAHINDRA BANK LTD.,5496.13,3254.73
2015,LAKSHMI VILAS BANK LTD,1687.88,442.28
2015,NAINITAL BANK LTD,337.71,113.64
2015,RBL BANK LTD,1396.72,599.65
2015,SOUTH INDIAN BANK LTD,3919.99,981.30
2015,TAMILNAD MERCANTILE BANK LTD,1952.10,567.94
2015,YES BANK LTD.,8084.17,2284.71
2015,AB BANK LIMITED,1.60,13.01
2015,ABU DHABI COMMERCIAL BANK PJSC,130.54,31.78
2015,AMERICAN EXPRESS BANKING CORP.,133.83,758.28
2015,AUSTRALIA AND NEW ZEALAND BANKING GROUP LIMITED,171.56,138.02
2015,"BANK OF AMERICA , NATIONAL ASSOCIATION",645.66,550.26
2015,BANK OF BAHRAIN & KUWAIT B.S.C.,54.65,27.89
2015,BANK OF CEYLON,7.06,6.58
2015,BANK OF NOVA SCOTIA,477.04,122.38
2015,BARCLAYS BANK PLC,709.81,458.26
2015,BNP PARIBAS,996.01,472.18
2015,CITIBANK N.A,4356.44,3152.23
2015,COMMONWEALTH BANK OF AUSTRALIA,13.61,25.94
2015,COOPERATIEVE RABOBANK U.A.,59.23,89.82
2015,CREDIT AGRICOLE CORPORATE AND INVESTMENT BANK,170.65,106.83
2015,CREDIT SUISSE AG,459.87,76.55
2015,"CTBC BANK CO., LTD.",15.64,29.62
2015,DBS BANK INDIA LIMITED,1528.81,601.25
2015,DEUTSCHE BANK AG,1881.42,1364.23
2015,DOHA BANK Q.P.S.C.,0.00,7.95
2015,FIRSTRAND BANK LTD,54.34,133.46
2015,HONGKONG AND SHANGHAI BANKING CORPN.LTD.,4370.32,3136.81
2015,HSBC BANK OMAN S.A.O.G.,8.48,8.01
2015,INDUSTRIAL AND COMMERCIAL BANK OF CHINA,33.44,32.52
2015,JPMORGAN CHASE BANK NATIONAL ASSOCIATION,853.46,236.55
2015,JSC VTB BANK,0.22,10.83
2015,KBC BANK N.V.,18.56,28.77
2015,KRUNG THAI BANK PUBLIC COMPANY LIMITED,9.88,3.42
2015,MASHREQ BANK PSC,0.69,17.54
2015,MIZUHO BANK LTD,143.58,171.87
2015,"MUFG BANK, LTD.",569.65,223.64
2015,NATIONAL AUSTRALIA BANK,0.14,37.59
2015,PT BANK MAYBANK INDONESIA TBK,3.87,17.89
2015,SBERBANK,14.68,16.41
2015,SBM BANK (INDIA) LIMITED,94.55,16.26
2015,SHINHAN BANK,152.19,52.70
2015,SOCIETE GENERALE,240.55,115.60
2015,SONALI BANK,1.17,6.34
2015,STANDARD CHARTERED BANK,4558.89,2975.98
2015,SUMITOMO MITSUI BANKING CORPORATION,104.97,81.83
2015,THE ROYAL BANK OF SCOTLAND N.V.,679.47,788.05
2015,UBS AG,,53.80
2015,UNITED OVERSEAS BANK LTD,14.89,21.43
2015,WESTPAC BANKING CORPORATION,65.39,50.71
2015,WOORI BANK,25.07,13.83
2014,STATE BANK OF BIKANER AND JAIPUR,5344.78,2005.45
2014,STATE BANK OF HYDERABAD,9490.82,2267.47
2014,STATE BANK OF INDIA,87068.63,35725.85
2014,STATE BANK OF MYSORE,4396.44,1334.54
2014,STATE BANK OF PATIALA,7560.49,2019.10
2014,STATE BANK OF TRAVANCORE,7323.40,1865.41
2014,ALLAHABAD BANK,13435.36,3456.64
2014,ANDHRA BANK,10559.98,2309.94
2014,BANK OF BARODA,26974.36,7137.07
2014,BANK OF INDIA,27079.57,6699.47
2014,BANK OF MAHARASHTRA,8447.73,2396.75
2014,BHARATIYA MAHILA BANK LTD.,0.43,25.93
2014,CANARA BANK,30603.17,6081.01
2014,CENTRAL BANK OF INDIA,17933.16,5178.94
2014,CORPORATION BANK,14174.88,2392.01
2014,DENA BANK,7473.40,1647.78
2014,IDBI BANK LIMITED,20576.04,3318.84
2014,INDIAN BANK,10888.79,2831.50
2014,INDIAN OVERSEAS BANK,17106.92,3748.92
2014,ORIENTAL BANK OF COMMERCE,13890.38,2916.88
2014,PUNJAB AND SIND BANK,6352.12,1247.32
2014,PUNJAB NATIONAL BANK,27077.28,9338.23
2014,SYNDICATE BANK,13080.50,3301.75
2014,UCO BANK,12170.83,2439.20
2014,UNION BANK OF INDIA,21470.07,5482.76
2014,UNITED BANK OF INDIA,8036.47,1707.95
2014,VIJAYA BANK,8623.15,1689.55
2014,AXIS BANK LIMITED,18689.52,7900.77
2014,CITY UNION BANK LIMITED,1786.54,458.27
2014,CSB BANK LIMITED,1124.77,401.20
2014,DCB BANK LIMITED,759.87,319.09
2014,DHANLAXMI BANK LIMITED,1011.83,347.49
2014,FEDERAL BANK LTD,4717.47,1442.07
2014,HDFC BANK LTD.,22652.90,12042.20
2014,ICICI BANK LIMITED,27702.59,10308.86
2014,INDUSIND BANK LTD,5362.82,2185.28
2014,ING VYSYA BANK LTD,3452.07,1492.73
2014,JAMMU & KASHMIR BANK LTD,4082.52,1174.99
2014,KARNATAKA BANK LTD,3132.76,874.60
2014,KARUR VYSYA BANK LTD,3832.26,1010.36
2014,KOTAK MAHINDRA BANK LTD.,5047.07,2542.61
2014,LAKSHMI VILAS BANK LTD,1497.94,380.61
2014,NAINITAL BANK LTD,268.72,92.95
2014,RBL BANK LTD,1009.99,423.90
2014,SOUTH INDIAN BANK LTD,3616.29,882.89
2014,TAMILNAD MERCANTILE BANK LTD,1820.48,489.26
2014,YES BANK LTD.,7265.09,1749.87
2014,AB BANK LIMITED,1.65,16.65
2014,ABU DHABI COMMERCIAL BANK PJSC,102.29,24.56
2014,AMERICAN EXPRESS BANKING CORP.,126.07,638.91
2014,AUSTRALIA AND NEW ZEALAND BANKING GROUP LIMITED,137.53,133.77
2014,"BANK OF AMERICA , NATIONAL ASSOCIATION",598.78,554.92
2014,BANK OF BAHRAIN & KUWAIT B.S.C.,47.96,22.09
2014,BANK OF CEYLON,6.18,6.48
2014,BANK OF NOVA SCOTIA,467.68,103.88
2014,BARCLAYS BANK PLC,817.75,509.68
2014,BNP PARIBAS,696.69,407.11
2014,CITIBANK N.A,3738.26,2856.49
2014,COMMONWEALTH BANK OF AUSTRALIA,6.31,26.88
2014,COOPERATIEVE RABOBANK U.A.,21.61,66.19
2014,CREDIT AGRICOLE CORPORATE AND INVESTMENT BANK,184.21,94.52
2014,CREDIT SUISSE AG,196.16,68.97
2014,"CTBC BANK CO., LTD.",12.99,21.95
2014,DBS BANK INDIA LIMITED,1771.70,507.55
2014,DEUTSCHE BANK AG,1321.71,1269.05
2014,FIRSTRAND BANK LTD,47.99,132.39
2014,HONGKONG AND SHANGHAI BANKING CORPN.LTD.,3615.20,2637.67
2014,HSBC BANK OMAN S.A.O.G.,8.91,10.19
2014,INDUSTRIAL AND COMMERCIAL BANK OF CHINA,20.96,27.14
2014,JPMORGAN CHASE BANK NATIONAL ASSOCIATION,809.58,222.45
2014,JSC VTB BANK,0.30,12.09
2014,KBC BANK N.V.,18.70,19.26
2014,KRUNG THAI BANK PUBLIC COMPANY LIMITED,8.50,3.74
2014,MASHREQ BANK PSC,0.45,15.53
2014,MIZUHO BANK LTD,114.30,131.70
2014,"MUFG BANK, LTD.",406.63,180.79
2014,NATIONAL AUSTRALIA BANK,0.52,36.89
2014,PT BANK MAYBANK INDONESIA TBK,1.96,15.36
2014,SBERBANK,5.26,16.89
2014,SBM BANK (INDIA) LIMITED,93.61,16.78
2014,SHINHAN BANK,158.01,38.00
2014,SOCIETE GENERALE,146.47,104.43
2014,SONALI BANK,1.33,5.43
2014,STANDARD CHARTERED BANK,4592.52,3205.06
2014,SUMITOMO MITSUI BANKING CORPORATION,11.85,72.07
2014,THE ROYAL BANK OF SCOTLAND N.V.,785.27,931.80
2014,UBS AG,39.42,98.74
2014,UNITED OVERSEAS BANK LTD,6.25,15.97
2014,WESTPAC BANKING CORPORATION,23.20,36.87
2014,WOORI BANK,19.43,12.52
2013,STATE BANK OF BIKANER AND JAIPUR,4932.37,1579.23
2013,STATE BANK OF HYDERABAD,8529.90,2105.07
2013,STATE BANK OF INDIA,75325.80,29284.42
2013,STATE BANK OF MYSORE,4125.28,1104.76
2013,STATE BANK OF PATIALA,7113.43,1667.85
2013,STATE BANK OF TRAVANCORE,6506.64,1430.22
2013,ALLAHABAD BANK,12569.28,2958.10
2013,ANDHRA BANK,9152.67,2037.21
2013,BANK OF BARODA,23881.39,5946.74
2013,BANK OF INDIA,22884.93,5331.55
2013,BANK OF MAHARASHTRA,6580.08,1796.64
2013,CANARA BANK,26198.94,5141.99
2013,CENTRAL BANK OF INDIA,16123.08,4232.33
2013,CORPORATION BANK,11908.23,1996.78
2013,DENA BANK,6516.29,1299.70
2013,IDBI BANK LIMITED,19691.19,3134.36
2013,INDIAN BANK,9368.37,2750.86
2013,INDIAN OVERSEAS BANK,15424.78,3407.84
2013,ORIENTAL BANK OF COMMERCE,13003.62,2665.18
2013,PUNJAB AND SIND BANK,5699.10,1096.39
2013,PUNJAB NATIONAL BANK,27036.82,8165.05
2013,SYNDICATE BANK,11666.63,3178.83
2013,UCO BANK,12170.18,2176.62
2013,UNION BANK OF INDIA,17581.86,4512.16
2013,UNITED BANK OF INDIA,6764.23,1503.92
2013,VIJAYA BANK,7173.88,1362.97
2013,AXIS BANK LIMITED,17516.31,6914.24
2013,CITY UNION BANK LIMITED,1564.74,374.20
2013,CSB BANK LIMITED,981.65,331.82
2013,DCB BANK LIMITED,631.69,275.29
2013,DHANLAXMI BANK LIMITED,1031.58,339.32
2013,FEDERAL BANK LTD,4192.91,1184.54
2013,HDFC BANK LTD.,19253.75,11236.12
2013,ICICI BANK LIMITED,26209.18,9012.88
2013,INDUSIND BANK LTD,4750.37,1756.36
2013,ING VYSYA BANK LTD,3322.95,1272.82
2013,JAMMU & KASHMIR BANK LTD,3820.76,989.02
2013,KARNATAKA BANK LTD,2860.56,666.04
2013,KARUR VYSYA BANK LTD,3083.96,762.20
2013,KOTAK MAHINDRA BANK LTD.,4836.82,2209.73
2013,LAKSHMI VILAS BANK LTD,1368.55,337.92
2013,NAINITAL BANK LTD,246.10,80.06
2013,RBL BANK LTD,621.77,227.30
2013,SOUTH INDIAN BANK LTD,3153.46,767.17
2013,TAMILNAD MERCANTILE BANK LTD,1610.84,418.53
2013,YES BANK LTD.,6075.21,1334.54
2013,AB BANK LIMITED,1.34,10.15
2013,ABU DHABI COMMERCIAL BANK PJSC,69.41,24.50
2013,AMERICAN EXPRESS BANKING CORP.,117.33,569.95
2013,AUSTRALIA AND NEW ZEALAND BANKING GROUP LIMITED,162.67,123.47
2013,"BANK OF AMERICA , NATIONAL ASSOCIATION",573.13,439.48
2013,BANK OF BAHRAIN & KUWAIT B.S.C.,42.10,19.08
2013,BANK OF CEYLON,5.55,5.40
2013,BANK OF NOVA SCOTIA,455.39,84.06
2013,BARCLAYS BANK PLC,980.83,519.29
2013,BNP PARIBAS,400.79,395.59
2013,CITIBANK N.A,3738.18,2894.76
2013,COMMONWEALTH BANK OF AUSTRALIA,2.29,26.10
2013,COOPERATIEVE RABOBANK U.A.,9.51,57.82
2013,CREDIT AGRICOLE CORPORATE AND INVESTMENT BANK,222.88,93.88
2013,CREDIT SUISSE AG,96.13,51.88
2013,"CTBC BANK CO., LTD.",12.38,20.11
2013,DBS BANK INDIA LIMITED,1535.89,488.11
2013,DEUTSCHE BANK AG,706.90,1110.79
2013,FIRSTRAND BANK LTD,28.62,110.34
2013,HONGKONG AND SHANGHAI BANKING CORPN.LTD.,3000.63,2464.65
2013,HSBC BANK OMAN S.A.O.G.,9.39,9.55
2013,INDUSTRIAL AND COMMERCIAL BANK OF CHINA,5.66,23.45
2013,JPMORGAN CHASE BANK NATIONAL ASSOCIATION,742.25,213.71
2013,JSC VTB BANK,0.29,10.18
2013,KBC BANK N.V.,21.43,17.55
2013,KRUNG THAI BANK PUBLIC COMPANY LIMITED,7.76,3.66
2013,MASHREQ BANK PSC,0.10,10.98
2013,MIZUHO BANK LTD,60.32,77.56
2013,"MUFG BANK, LTD.",292.15,168.46
2013,NATIONAL AUSTRALIA BANK,0.01,21.76
2013,PT BANK MAYBANK INDONESIA TBK,,5.42
2013,SBERBANK,0.09,13.33
2013,SBM BANK (INDIA) LIMITED,78.70,16.40
2013,SHINHAN BANK,104.82,31.43
2013,SOCIETE GENERALE,119.13,75.39
2013,SONALI BANK,1.10,5.42
2013,STANDARD CHARTERED BANK,4069.20,2904.09
2013,SUMITOMO MITSUI BANKING CORPORATION,0.00,25.70
2013,THE ROYAL BANK OF SCOTLAND N.V.,932.47,1027.39
2013,UBS AG,126.21,96.96
2013,UNITED OVERSEAS BANK LTD,0.06,11.83
2013,WESTPAC BANKING CORPORATION,0.01,15.35
2013,WOORI BANK,5.65,11.79
2012,STATE BANK OF BIKANER AND JAIPUR,4069.96,1330.75
2012,STATE BANK OF HYDERABAD,7282.18,1735.81
2012,STATE BANK OF INDIA,63230.37,26068.99
2012,STATE BANK OF MYSORE,3494.14,1041.07
2012,STATE BANK OF PATIALA,5785.87,1323.36
2012,STATE BANK OF TRAVANCORE,4998.39,1229.86
2012,ALLAHABAD BANK,10360.63,2691.39
2012,ANDHRA BANK,7579.41,1804.25
2012,BANK OF BARODA,19356.71,5158.72
2012,BANK OF INDIA,20167.23,4940.66
2012,BANK OF MAHARASHTRA,4696.88,1642.52
2012,CANARA BANK,23161.31,4673.74
2012,CENTRAL BANK OF INDIA,13980.86,3749.00
2012,CORPORATION BANK,9870.89,1783.55
2012,DENA BANK,4693.13,1154.74
2012,IDBI BANK LIMITED,18825.08,2607.45
2012,INDIAN BANK,7813.32,2187.00
2012,INDIAN OVERSEAS BANK,12872.94,3163.07
2012,ORIENTAL BANK OF COMMERCE,11599.09,2315.46
2012,PUNJAB AND SIND BANK,4973.44,1158.53
2012,PUNJAB NATIONAL BANK,23061.69,7002.75
2012,SYNDICATE BANK,10183.32,2814.12
2012,UCO BANK,10730.27,2056.23
2012,UNION BANK OF INDIA,14235.39,3987.52
2012,UNITED BANK OF INDIA,5481.86,1383.30
2012,VIJAYA BANK,6084.59,1201.36
2012,AXIS BANK LIMITED,13976.90,6007.10
2012,CITY UNION BANK LIMITED,1197.02,279.83
2012,CSB BANK LIMITED,768.61,298.77
2012,DCB BANK LIMITED,489.27,244.25
2012,DHANLAXMI BANK LIMITED,1146.13,488.96
2012,FEDERAL BANK LTD,3604.99,979.27
2012,HDFC BANK LTD.,14989.58,9277.64
2012,ICICI BANK LIMITED,22808.50,7850.44
2012,INDUSIND BANK LTD,3654.95,1343.00
2012,ING VYSYA BANK LTD,2648.46,1110.21
2012,JAMMU & KASHMIR BANK LTD,2997.22,802.15
2012,KARNATAKA BANK LTD,2368.87,568.19
2012,KARUR VYSYA BANK LTD,2353.25,541.56
2012,KOTAK MAHINDRA BANK LTD.,3667.75,1834.83
2012,LAKSHMI VILAS BANK LTD,1148.03,293.71
2012,NAINITAL BANK LTD,201.08,72.27
2012,RBL BANK LTD,278.29,139.10
2012,SOUTH INDIAN BANK LTD,2561.69,617.29
2012,TAMILNAD MERCANTILE BANK LTD,1232.02,349.04
2012,YES BANK LTD.,4691.72,932.53
2012,AB BANK LIMITED,0.55,9.40
2012,ABU DHABI COMMERCIAL BANK PJSC,40.28,17.57
2012,AMERICAN EXPRESS BANKING CORP.,80.67,482.50
2012,AUSTRALIA AND NEW ZEALAND BANKING GROUP LIMITED,40.54,110.59
2012,"BANK OF AMERICA , NATIONAL ASSOCIATION",423.88,405.50
2012,BANK OF BAHRAIN & KUWAIT B.S.C.,28.88,18.58
2012,BANK OF CEYLON,4.41,4.04
2012,BANK OF NOVA SCOTIA,375.68,78.03
2012,BARCLAYS BANK PLC,619.01,533.01
2012,BNP PARIBAS,403.80,358.03
2012,CITIBANK N.A,2887.46,2801.44
2012,COMMONWEALTH BANK OF AUSTRALIA,0.48,26.78
2012,COOPERATIEVE RABOBANK U.A.,0.07,35.17
2012,CREDIT AGRICOLE CORPORATE AND INVESTMENT BANK,258.14,103.02
2012,CREDIT SUISSE AG,8.87,54.66
2012,"CTBC BANK CO., LTD.",14.92,14.67
2012,DBS BANK INDIA LIMITED,1044.97,412.07
2012,DEUTSCHE BANK AG,589.77,1055.21
2012,FIRSTRAND BANK LTD,26.54,61.55
2012,HONGKONG AND SHANGHAI BANKING CORPN.LTD.,2516.81,2418.30
2012,HSBC BANK OMAN S.A.O.G.,9.49,7.88
2012,INDUSTRIAL AND COMMERCIAL BANK OF CHINA,,10.08
2012,JPMORGAN CHASE BANK NATIONAL ASSOCIATION,443.96,209.33
2012,JSC VTB BANK,0.19,9.80
2012,KBC BANK N.V.,19.80,14.05
2012,KRUNG THAI BANK PUBLIC COMPANY LIMITED,4.76,3.41
2012,MASHREQ BANK PSC,0.10,11.50
2012,MIZUHO BANK LTD,16.25,66.26
2012,"MUFG BANK, LTD.",167.63,130.81
2012,NATIONAL AUSTRALIA BANK,,5.42
2012,PT BANK MAYBANK INDONESIA TBK,,2.25
2012,SBERBANK,,11.69
2012,SBM BANK (INDIA) LIMITED,85.01,16.78
2012,SHINHAN BANK,62.46,23.38
2012,SOCIETE GENERALE,126.14,51.17
2012,SONALI BANK,0.85,4.95
2012,STANDARD CHARTERED BANK,3690.37,2740.82
2012,THE ROYAL BANK OF SCOTLAND N.V.,865.82,903.33
2012,UBS AG,123.89,102.52
2012,UNITED OVERSEAS BANK LTD,,8.49
2012,WOORI BANK,,2.63
2011,STATE BANK OF BIKANER AND JAIPUR,3026.76,1269.17
2011,STATE BANK OF HYDERABAD,5002.78,1512.79
2011,STATE BANK OF INDIA,48867.96,23015.43
2011,STATE BANK OF MYSORE,2443.08,917.43
2011,STATE BANK OF PATIALA,4144.63,1329.78
2011,STATE BANK OF TRAVANCORE,3532.73,1101.31
2011,ALLAHABAD BANK,6992.22,2338.30
2011,ANDHRA BANK,5070.31,1704.86
2011,BANK OF BARODA,13083.66,4629.83
2011,BANK OF INDIA,13941.03,5068.24
2011,BANK OF MAHARASHTRA,3594.69,1644.22
2011,CANARA BANK,15240.74,4419.32
2011,CENTRAL BANK OF INDIA,9895.23,3998.99
2011,CORPORATION BANK,6195.51,1641.71
2011,DENA BANK,3270.16,1073.42
2011,IDBI BANK LIMITED,14271.93,2254.69
2011,INDIAN BANK,5324.92,1926.32
2011,INDIAN OVERSEAS BANK,7893.44,2572.49
2011,ORIENTAL BANK OF COMMERCE,7910.26,1892.48
2011,PUNJAB AND SIND BANK,3372.06,984.04
2011,PUNJAB NATIONAL BANK,15179.14,6364.22
2011,SYNDICATE BANK,7068.10,2548.10
2011,UCO BANK,7525.89,2075.37
2011,UNION BANK OF INDIA,10236.42,3950.00
2011,UNITED BANK OF INDIA,4172.11,1299.41
2011,VIJAYA BANK,3897.28,1433.28
2011,AXIS BANK LIMITED,8591.82,4779.43
2011,CITY UNION BANK LIMITED,798.38,216.40
2011,CSB BANK LIMITED,513.98,289.04
2011,DCB BANK LIMITED,347.12,215.18
2011,DHANLAXMI BANK LIMITED,641.29,344.47
2011,FEDERAL BANK LTD,2305.45,836.14
2011,HDFC BANK LTD.,9385.08,7152.91
2011,ICICI BANK LIMITED,16957.15,6617.25
2011,INDUSIND BANK LTD,2212.86,1008.48
2011,ING VYSYA BANK LTD,1687.54,1026.02
2011,JAMMU & KASHMIR BANK LTD,2169.47,758.93
2011,KARNATAKA BANK LTD,1758.36,548.95
2011,KARUR VYSYA BANK LTD,1450.84,430.60
2011,KOTAK MAHINDRA BANK LTD.,2092.18,1553.32
2011,LAKSHMI VILAS BANK LTD,699.84,228.15
2011,NAINITAL BANK LTD,140.74,55.92
2011,RBL BANK LTD,94.03,94.48
2011,SBI COMMERCIAL & INTERNATIONAL BANK LTD,26.07,10.38
2011,SOUTH INDIAN BANK LTD,1654.92,462.53
2011,TAMILNAD MERCANTILE BANK LTD,827.15,298.02
2011,YES BANK LTD.,2794.82,679.81
2011,AB BANK LIMITED,0.27,8.48
2011,ABU DHABI COMMERCIAL BANK PJSC,24.38,14.58
2011,AMERICAN EXPRESS BANKING CORP.,38.12,416.21
2011,"BANK OF AMERICA , NATIONAL ASSOCIATION",197.53,358.53
2011,BANK OF BAHRAIN & KUWAIT B.S.C.,23.69,17.28
2011,BANK OF CEYLON,3.84,3.72
2011,BANK OF NOVA SCOTIA,238.60,53.49
2011,BARCLAYS BANK PLC,832.54,760.48
2011,BNP PARIBAS,240.95,285.56
2011,CITIBANK N.A,2222.66,2717.00
2011,COMMONWEALTH BANK OF AUSTRALIA,0.02,27.02
2011,CREDIT AGRICOLE CORPORATE AND INVESTMENT BANK,174.51,94.68
2011,"CTBC BANK CO., LTD.",5.92,11.47
2011,DBS BANK INDIA LIMITED,590.79,272.58
2011,DEUTSCHE BANK AG,461.61,1123.44
2011,FIRSTRAND BANK LTD,15.20,51.94
2011,HONGKONG AND SHANGHAI BANKING CORPN.LTD.,1859.12,2190.95
2011,HSBC BANK OMAN S.A.O.G.,8.29,7.20
2011,JPMORGAN CHASE BANK NATIONAL ASSOCIATION,247.11,204.38
2011,JSC VTB BANK,0.02,8.75
2011,KBC BANK N.V.,7.34,11.96
2011,KRUNG THAI BANK PUBLIC COMPANY LIMITED,2.94,3.72
2011,MASHREQ BANK PSC,0.14,8.38
2011,MIZUHO BANK LTD,37.95,54.01
2011,"MUFG BANK, LTD.",67.23,68.82
2011,PT BANK MAYBANK INDONESIA TBK,,0.43
2011,SBM BANK (INDIA) LIMITED,35.88,9.94
2011,SHINHAN BANK,30.10,18.21
2011,SOCIETE GENERALE,112.13,56.45
2011,SONALI BANK,0.75,4.32
2011,STANDARD CHARTERED BANK,2350.60,2596.91
2011,THE ROYAL BANK OF SCOTLAND N.V.,735.38,1000.45
2011,UBS AG,57.04,100.54
2011,UNITED OVERSEAS BANK LTD,,6.74
2010,STATE BANK OF BIKANER AND JAIPUR,2765.69,890.47
2010,STATE BANK OF HYDERABAD,4470.88,983.78
2010,STATE BANK OF INDIA,47322.48,20318.68
2010,STATE BANK OF INDORE,1928.10,508.14
2010,STATE BANK OF MYSORE,2322.36,724.88
2010,STATE BANK OF PATIALA,4441.05,900.95
2010,STATE BANK OF TRAVANCORE,2977.94,955.87
2010,ALLAHABAD BANK,5718.72,1617.83
2010,ANDHRA BANK,4178.13,1349.54
2010,BANK OF BARODA,10758.86,3810.58
2010,BANK OF INDIA,12122.04,3667.81
2010,BANK OF MAHARASHTRA,3439.31,1072.95
2010,CANARA BANK,13071.43,3477.62
2010,CENTRAL BANK OF INDIA,9519.01,2222.02
2010,CORPORATION BANK,5084.35,1259.95
2010,DENA BANK,2910.33,848.08
2010,IDBI BANK LIMITED,13005.22,1831.43
2010,INDIAN BANK,4553.18,1730.25
2010,INDIAN OVERSEAS BANK,7077.91,2466.50
2010,ORIENTAL BANK OF COMMERCE,7349.69,1685.98
2010,PUNJAB AND SIND BANK,2750.23,718.18
2010,PUNJAB NATIONAL BANK,12944.02,4761.92
2010,SYNDICATE BANK,7307.37,2033.57
2010,UCO BANK,7202.20,1584.42
2010,UNION BANK OF INDIA,9110.27,2507.85
2010,UNITED BANK OF INDIA,3857.72,1074.12
2010,VIJAYA BANK,3751.57,1071.57
2010,AXIS BANK LIMITED,6633.53,3709.72
2010,BANK OF RAJASTHAN LTD,1024.48,492.90
2010,CITY UNION BANK LIMITED,678.47,165.85
2010,CSB BANK LIMITED,455.15,189.07
2010,DCB BANK LIMITED,317.42,200.81
2010,DHANLAXMI BANK LIMITED,394.02,192.86
2010,FEDERAL BANK LTD,2262.40,676.89
2010,HDFC BANK LTD.,7786.30,5939.80
2010,ICICI BANK LIMITED,17592.57,5859.83
2010,INDUSIND BANK LTD,1820.58,736.00
2010,ING VYSYA BANK LTD,1403.05,808.10
2010,JAMMU & KASHMIR BANK LTD,1937.54,577.37
2010,KARNATAKA BANK LTD,1707.79,386.05
2010,KARUR VYSYA BANK LTD,1193.05,348.65
2010,KOTAK MAHINDRA BANK LTD.,1397.48,1189.39
2010,LAKSHMI VILAS BANK LTD,660.19,186.48
2010,NAINITAL BANK LTD,130.59,44.79
2010,RBL BANK LTD,85.25,38.70
2010,SBI COMMERCIAL & INTERNATIONAL BANK LTD,32.74,9.96
2010,SOUTH INDIAN BANK LTD,1367.43,366.18
2010,TAMILNAD MERCANTILE BANK LTD,743.85,231.45
2010,YES BANK LTD.,1581.76,500.15
2010,AB BANK LIMITED,0.43,6.70
2010,ABU DHABI COMMERCIAL BANK PJSC,20.08,13.07
2010,AMERICAN EXPRESS BANKING CORP.,32.15,321.42
2010,"BANK OF AMERICA , NATIONAL ASSOCIATION",185.99,243.86
2010,BANK OF BAHRAIN & KUWAIT B.S.C.,26.51,16.82
2010,BANK OF CEYLON,3.78,3.57
2010,BANK OF NOVA SCOTIA,180.81,45.65
2010,BARCLAYS BANK PLC,698.08,780.14
2010,BNP PARIBAS,142.99,238.15
2010,CITIBANK N.A,2016.76,2354.32
2010,CREDIT AGRICOLE CORPORATE AND INVESTMENT BANK,101.32,80.30
2010,"CTBC BANK CO., LTD.",2.97,12.38
2010,DBS BANK INDIA LIMITED,317.60,167.72
2010,DEUTSCHE BANK AG,302.35,956.38
2010,FIRSTRAND BANK LTD,0.98,53.86
2010,HONGKONG AND SHANGHAI BANKING CORPN.LTD.,1914.66,1950.12
2010,HSBC BANK OMAN S.A.O.G.,8.48,6.57
2010,JPMORGAN CHASE BANK NATIONAL ASSOCIATION,179.88,163.00
2010,JSC VTB BANK,,7.68
2010,KBC BANK N.V.,8.02,10.78
2010,KRUNG THAI BANK PUBLIC COMPANY LIMITED,3.66,3.91
2010,MASHREQ BANK PSC,0.11,8.36
2010,MIZUHO BANK LTD,50.58,46.04
2010,"MUFG BANK, LTD.",126.37,50.78
2010,PT BANK MAYBANK INDONESIA TBK,,0.25
2010,SBM BANK (INDIA) LIMITED,35.66,7.17
2010,SHINHAN BANK,22.21,13.27
2010,SOCIETE GENERALE,44.18,62.36
2010,SONALI BANK,0.71,3.97
2010,STANDARD CHARTERED BANK,1783.78,2418.97
2010,THE ROYAL BANK OF SCOTLAND N.V.,714.12,996.28
2010,UBS AG,12.66,58.05
2009,STATE BANK OF BIKANER AND JAIPUR,2707.06,787.44
2009,STATE BANK OF HYDERABAD,4242.71,933.14
2009,STATE BANK OF INDIA,42915.29,15648.70
2009,STATE BANK OF INDORE,1979.43,460.04
2009,STATE BANK OF MYSORE,2409.02,665.09
2009,STATE BANK OF PATIALA,4676.32,793.92
2009,STATE BANK OF TRAVANCORE,2840.60,799.37
2009,ALLAHABAD BANK,5206.06,1399.44
2009,ANDHRA BANK,3747.71,1104.26
2009,BANK OF BARODA,9968.17,3576.06
2009,BANK OF INDIA,10848.45,3093.96
2009,BANK OF MAHARASHTRA,3035.03,963.02
2009,CANARA BANK,12401.25,3065.25
2009,CENTRAL BANK OF INDIA,8226.72,1861.70
2009,CORPORATION BANK,4376.37,1046.58
2009,DENA BANK,2383.07,768.19
2009,IDBI BANK LIMITED,10305.72,1337.91
2009,INDIAN BANK,4221.82,1588.13
2009,INDIAN OVERSEAS BANK,6771.81,1941.69
2009,ORIENTAL BANK OF COMMERCE,6859.97,1397.84
2009,PUNJAB AND SIND BANK,2235.31,697.84
2009,PUNJAB NATIONAL BANK,12295.30,4206.20
2009,SYNDICATE BANK,6977.60,1790.97
2009,UCO BANK,6476.68,1462.99
2009,UNION BANK OF INDIA,8075.81,2214.11
2009,UNITED BANK OF INDIA,3150.36,975.13
2009,VIJAYA BANK,4113.02,924.70
2009,AXIS BANK LIMITED,7149.27,2858.21
2009,BANK OF RAJASTHAN LTD,998.45,315.01
2009,CITY UNION BANK LIMITED,561.83,139.53
2009,CSB BANK LIMITED,390.88,186.51
2009,DCB BANK LIMITED,447.95,241.98
2009,DHANLAXMI BANK LIMITED,286.80,113.07
2009,FEDERAL BANK LTD,1999.92,571.46
2009,HDFC BANK LTD.,8911.10,5532.81
2009,ICICI BANK LIMITED,22725.93,7045.11
2009,INDUSIND BANK LTD,1850.44,547.03
2009,ING VYSYA BANK LTD,1590.27,772.47
2009,JAMMU & KASHMIR BANK LTD,1987.86,470.86
2009,KARNATAKA BANK LTD,1443.83,346.51
2009,KARUR VYSYA BANK LTD,1035.68,257.60
2009,KOTAK MAHINDRA BANK LTD.,1546.60,1196.42
2009,LAKSHMI VILAS BANK LTD,504.07,151.69
2009,NAINITAL BANK LTD,116.40,38.95
2009,RBL BANK LTD,74.44,33.25
2009,SBI COMMERCIAL & INTERNATIONAL BANK LTD,36.06,9.57
2009,SOUTH INDIAN BANK LTD,1164.04,328.48
2009,TAMILNAD MERCANTILE BANK LTD,643.43,204.29
2009,YES BANK LTD.,1492.14,418.55
2009,AB BANK LIMITED,0.72,4.15
2009,ABU DHABI COMMERCIAL BANK PJSC,20.02,13.15
2009,AMERICAN EXPRESS BANKING CORP.,81.17,374.58
2009,"BANK OF AMERICA , NATIONAL ASSOCIATION",151.89,175.15
2009,BANK OF BAHRAIN & KUWAIT B.S.C.,24.97,16.81
2009,BANK OF CEYLON,3.22,3.20
2009,BANK OF NOVA SCOTIA,371.03,58.57
2009,BARCLAYS BANK PLC,978.51,892.46
2009,BNP PARIBAS,272.25,193.44
2009,CITIBANK N.A,2428.84,2587.23
2009,CREDIT AGRICOLE CORPORATE AND INVESTMENT BANK,173.70,99.59
2009,"CTBC BANK CO., LTD.",6.44,8.59
2009,DBS BANK INDIA LIMITED,493.92,164.82
2009,DEUTSCHE BANK AG,587.93,1155.08
2009,HONGKONG AND SHANGHAI BANKING CORPN.LTD.,2661.00,2194.67
2009,HSBC BANK OMAN S.A.O.G.,9.21,6.08
2009,JPMORGAN CHASE BANK NATIONAL ASSOCIATION,230.78,137.83
2009,JSC VTB BANK,,6.97
2009,KBC BANK N.V.,22.52,8.50
2009,KRUNG THAI BANK PUBLIC COMPANY LIMITED,4.55,3.23
2009,MASHREQ BANK PSC,0.15,6.02
2009,MIZUHO BANK LTD,58.17,36.21
2009,"MUFG BANK, LTD.",174.34,40.80
2009,PT BANK MAYBANK INDONESIA TBK,,0.58
2009,SBM BANK (INDIA) LIMITED,30.54,6.22
2009,SHINHAN BANK,25.66,12.78
2009,SOCIETE GENERALE,80.17,65.52
2009,SONALI BANK,0.65,3.39
2009,STANDARD CHARTERED BANK,2489.62,2499.70
2009,THE ROYAL BANK OF SCOTLAND PLC,1437.15,1497.35
2009,UBS AG,,25.74
2008,STATE BANK OF BIKANER AND JAIPUR,2112.98,749.51
2008,STATE BANK OF HYDERABAD,3290.25,798.86
2008,STATE BANK OF INDIA,31929.08,12608.61
2008,STATE BANK OF INDORE,1653.84,431.13
2008,STATE BANK OF MYSORE,1732.10,616.90
2008,STATE BANK OF PATIALA,3419.62,706.98
2008,STATE BANK OF SAURASHTRA,1194.12,393.77
2008,STATE BANK OF TRAVANCORE,2476.82,686.94
2008,ALLAHABAD BANK,4498.88,1157.58
2008,ANDHRA BANK,2870.00,909.09
2008,BANK OF BARODA,7901.67,3034.29
2008,BANK OF INDIA,8125.95,2644.99
2008,BANK OF MAHARASHTRA,2311.79,836.34
2008,CANARA BANK,10662.94,2791.29
2008,CENTRAL BANK OF INDIA,5772.47,1745.83
2008,CORPORATION BANK,3073.24,891.96
2008,DENA BANK,1817.14,650.44
2008,IDBI LIMITED,7364.41,958.78
2008,INDIAN BANK,3159.08,1400.29
2008,INDIAN OVERSEAS BANK,5288.79,1485.29
2008,ORIENTAL BANK OF COMMERCE,5156.17,1079.63
2008,PUNJAB AND SIND BANK,1433.49,560.78
2008,PUNJAB NATIONAL BANK,8730.86,3525.48
2008,SYNDICATE BANK,5833.56,1494.54
2008,UCO BANK,5020.81,1305.93
2008,UNION BANK OF INDIA,6360.95,1592.99
2008,UNITED BANK OF INDIA,2652.69,903.16
2008,VIJAYA BANK,3058.42,701.27
2008,AXIS BANK LIMITED,4419.96,2154.93
2008,BANK OF RAJASTHAN LTD,735.60,269.52
2008,CENTURION BANK OF PUNJAB LTD.,1492.01,976.89
2008,CITY UNION BANK LIMITED,396.18,109.91
2008,CSB BANK LIMITED,317.18,151.10
2008,DCB BANK LIMITED,388.37,237.98
2008,DHANLAXMI BANK LIMITED,213.51,96.52
2008,FEDERAL BANK LTD,1647.42,468.62
2008,HDFC BANK LTD.,4887.11,3745.62
2008,ICICI BANK LIMITED,23484.24,8154.18
2008,INDUSIND BANK LTD,1579.86,402.19
2008,ING VYSYA BANK LTD,1182.05,609.49
2008,JAMMU & KASHMIR BANK LTD,1623.79,403.61
2008,KARNATAKA BANK LTD,1101.71,305.59
2008,KARUR VYSYA BANK LTD,765.35,216.22
2008,KOTAK MAHINDRA BANK LTD.,1309.56,1019.37
2008,LAKSHMI VILAS BANK LTD,381.93,116.44
2008,NAINITAL BANK LTD,93.00,32.25
2008,RBL BANK LTD,52.38,29.75
2008,SBI COMMERCIAL & INTERNATIONAL BANK LTD,35.86,9.21
2008,SOUTH INDIAN BANK LTD,915.10,248.07
2008,TAMILNAD MERCANTILE BANK LTD,498.80,168.51
2008,YES BANK LTD.,974.11,341.17
2008,AB BANK LIMITED,0.43,2.99
2008,ABU DHABI COMMERCIAL BANK PJSC,26.67,26.69
2008,"BANK OF AMERICA , NATIONAL ASSOCIATION",163.15,167.43
2008,BANK OF BAHRAIN & KUWAIT B.S.C.,18.78,12.19
2008,BANK OF CEYLON,3.12,2.68
2008,BANK OF NOVA SCOTIA,257.89,40.27
2008,BARCLAYS BANK PLC,323.41,692.03
2008,BNP PARIBAS,253.75,178.39
2008,CITIBANK N.A,2311.43,2179.37
2008,CREDIT AGRICOLE CORPORATE AND INVESTMENT BANK,142.69,107.81
2008,"CTBC BANK CO., LTD.",8.31,4.85
2008,DBS BANK INDIA LIMITED,393.41,88.16
2008,DEUTSCHE BANK AG,536.50,1054.46
2008,HONGKONG AND SHANGHAI BANKING CORPN.LTD.,2015.87,2145.17
2008,HSBC BANK OMAN S.A.O.G.,12.09,5.89
2008,JPMORGAN CHASE BANK NATIONAL ASSOCIATION,203.52,128.01
2008,KBC BANK N.V.,22.93,6.25
2008,KRUNG THAI BANK PUBLIC COMPANY LIMITED,2.40,2.58
2008,MASHREQ BANK PSC,0.25,5.71
2008,MIZUHO BANK LTD,33.77,25.61
2008,"MUFG BANK, LTD.",77.04,30.32
2008,PT BANK MAYBANK INDONESIA TBK,0.16,4.55
2008,SBM BANK (INDIA) LIMITED,25.74,6.49
2008,SHINHAN BANK,14.75,13.16
2008,SOCIETE GENERALE,165.44,60.79
2008,SONALI BANK,0.61,3.32
2008,STANDARD CHARTERED BANK,2129.95,2050.58
2008,THE ROYAL BANK OF SCOTLAND PLC,1459.80,1307.12
2007,STATE BANK OF BIKANER AND JAIPUR,1435.42,752.76
2007,STATE BANK OF HYDERABAD,2134.53,808.50
2007,STATE BANK OF INDIA,22184.13,11823.52
2007,STATE BANK OF INDORE,1124.22,409.87
2007,STATE BANK OF MYSORE,1092.91,562.23
2007,STATE BANK OF PATIALA,2059.63,658.59
2007,STATE BANK OF SAURASHTRA,877.22,326.04
2007,STATE BANK OF TRAVANCORE,1698.44,645.24
2007,ALLAHABAD BANK,3133.12,1027.23
2007,ANDHRA BANK,1897.79,933.19
2007,BANK OF BARODA,5426.56,2544.31
2007,BANK OF INDIA,5495.82,2608.43
2007,BANK OF MAHARASHTRA,1627.84,746.05
2007,CANARA BANK,7337.73,2565.31
2007,CENTRAL BANK OF INDIA,3759.79,1684.36
2007,CORPORATION BANK,2052.37,803.60
2007,DENA BANK,1263.16,611.51
2007,IDBI LIMITED,5687.49,778.47
2007,INDIAN BANK,2412.62,1246.65
2007,INDIAN OVERSEAS BANK,3271.27,1387.81
2007,ORIENTAL BANK OF COMMERCE,3473.58,997.89
2007,PUNJAB AND SIND BANK,959.86,523.07
2007,PUNJAB NATIONAL BANK,6022.91,3326.23
2007,SYNDICATE BANK,3890.02,1385.98
2007,UCO BANK,3623.16,1192.57
2007,UNION BANK OF INDIA,4591.96,1475.93
2007,UNITED BANK OF INDIA,1675.20,778.47
2007,VIJAYA BANK,1751.16,650.72
2007,AXIS BANK LIMITED,2993.32,1214.60
2007,BANK OF RAJASTHAN LTD,439.40,250.74
2007,CENTURION BANK OF PUNJAB LTD.,698.95,705.82
2007,CITY UNION BANK LIMITED,232.56,90.10
2007,CSB BANK LIMITED,251.52,137.40
2007,DCB BANK LIMITED,227.38,171.07
2007,DHANLAXMI BANK LIMITED,149.77,87.76
2007,FEDERAL BANK LTD,1084.96,406.10
2007,HDFC BANK LTD.,3179.45,2420.80
2007,ICICI BANK LIMITED,16358.50,6690.56
2007,INDUSIND BANK LTD,1228.85,343.96
2007,ING VYSYA BANK LTD,822.04,505.02
2007,JAMMU & KASHMIR BANK LTD,1131.48,372.44
2007,KARNATAKA BANK LTD,836.39,237.55
2007,KARUR VYSYA BANK LTD,520.29,192.48
2007,KOTAK MAHINDRA BANK LTD.,699.24,612.71
2007,LAKSHMI VILAS BANK LTD,299.18,102.22
2007,LORD KRISHNA BANK LTD,144.04,57.09
2007,NAINITAL BANK LTD,55.47,33.87
2007,RBL BANK LTD,42.44,32.15
2007,SANGLI BANK LTD,71.00,86.53
2007,SBI COMMERCIAL & INTERNATIONAL BANK LTD,22.71,9.39
2007,SOUTH INDIAN BANK LTD,609.09,218.86
2007,TAMILNAD MERCANTILE BANK LTD,342.21,147.44
2007,YES BANK LTD.,416.26,193.50
2007,AB BANK LIMITED,0.53,4.17
2007,ABU DHABI COMMERCIAL BANK PJSC,32.27,18.89
2007,AMERICAN EXPRESS BANK LTD,166.70,339.41
2007,"BANK OF AMERICA , NATIONAL ASSOCIATION",169.06,139.78
2007,BANK OF BAHRAIN & KUWAIT B.S.C.,17.28,10.73
2007,BANK OF CEYLON,4.01,2.68
2007,BANK OF NOVA SCOTIA,179.16,39.89
2007,BARCLAYS BANK PLC,70.96,128.15
2007,BNP PARIBAS,172.47,129.33
2007,CITIBANK N.A,1696.37,1852.66
2007,CREDIT AGRICOLE CORPORATE AND INVESTMENT BANK,95.33,79.07
2007,"CTBC BANK CO., LTD.",6.97,4.15
2007,DBS BANK INDIA LIMITED,242.47,74.12
2007,DEUTSCHE BANK AG,467.07,744.39
2007,HONGKONG AND SHANGHAI BANKING CORPN.LTD.,1213.39,1584.49
2007,HSBC BANK OMAN S.A.O.G.,12.79,5.80
2007,JPMORGAN CHASE BANK NATIONAL ASSOCIATION,127.35,70.57
2007,KBC BANK NV,24.56,5.80
2007,KRUNG THAI BANK PUBLIC COMPANY LIMITED,1.08,2.65
2007,MASHREQ BANK PSC,0.68,5.67
2007,MIZUHO BANK LTD,15.17,17.14
2007,"MUFG BANK, LTD.",47.65,41.73
2007,PT BANK MAYBANK INDONESIA TBK,1.40,2.62
2007,SBM BANK (INDIA) LIMITED,24.73,6.41
2007,SHINHAN BANK,6.14,8.84
2007,SOCIETE GENERALE,116.90,48.57
2007,SONALI BANK,0.71,3.04
2007,STANDARD CHARTERED BANK,1651.89,1403.68
2007,THE ROYAL BANK OF SCOTLAND PLC,1038.41,970.21
2006,STATE BANK OF BIKANER AND JAIPUR,972.88,759.79
2006,STATE BANK OF HYDERABAD,1654.55,816.12
2006,STATE BANK OF INDIA,20390.45,11725.10
2006,STATE BANK OF INDORE,781.17,397.19
2006,STATE BANK OF MYSORE,735.09,509.48
2006,STATE BANK OF PATIALA,1464.87,611.55
2006,STATE BANK OF SAURASHTRA,697.60,308.36
2006,STATE BANK OF TRAVANCORE,1343.49,632.37
2006,ALLAHABAD BANK,2189.80,1035.75
2006,ANDHRA BANK,1506.15,857.94
2006,BANK OF BARODA,3875.09,2384.75
2006,BANK OF INDIA,4396.72,2115.14
2006,BANK OF MAHARASHTRA,1502.89,658.72
2006,CANARA BANK,5130.01,2347.14
2006,CENTRAL BANK OF INDIA,3005.51,1716.22
2006,CORPORATION BANK,1399.66,746.76
2006,DENA BANK,1037.46,561.34
2006,IDBI LIMITED,5000.82,859.48
2006,INDIAN BANK,1854.34,1079.76
2006,INDIAN OVERSEAS BANK,2339.10,1261.57
2006,ORIENTAL BANK OF COMMERCE,2513.85,965.86
2006,PUNJAB AND SIND BANK,668.99,482.99
2006,PUNJAB NATIONAL BANK,4917.39,3023.15
2006,SYNDICATE BANK,2169.55,1434.81
2006,UCO BANK,2788.84,1177.37
2006,UNION BANK OF INDIA,3489.42,1402.42
2006,UNITED BANK OF INDIA,1339.51,813.62
2006,VIJAYA BANK,1339.02,623.54
2006,AXIS BANK LIMITED,1810.56,814.05
2006,BANK OF RAJASTHAN LTD,317.06,255.07
2006,BHARAT OVERSEAS BANK LTD,145.53,86.73
2006,CENTURION BANK OF PUNJAB LTD.,404.44,502.81
2006,CITY UNION BANK LIMITED,186.61,70.16
2006,CSB BANK LIMITED,218.35,150.20
2006,DCB BANK LIMITED,201.95,150.09
2006,DHANLAXMI BANK LIMITED,126.89,81.81
2006,FEDERAL BANK LTD,836.73,364.57
2006,GANESH BANK OF KURUNDWAD LTD,10.30,4.13
2006,HDFC BANK LTD.,1929.50,1691.09
2006,ICICI BANK LIMITED,9597.45,5001.15
2006,INDUSIND BANK LTD,873.19,316.63
2006,ING VYSYA BANK LTD,741.25,518.79
2006,JAMMU & KASHMIR BANK LTD,1042.53,345.25
2006,KARNATAKA BANK LTD,652.07,204.48
2006,KARUR VYSYA BANK LTD,367.96,174.85
2006,KOTAK MAHINDRA BANK LTD.,338.92,387.47
2006,LAKSHMI VILAS BANK LTD,216.56,100.52
2006,LORD KRISHNA BANK LTD,129.63,69.16
2006,NAINITAL BANK LTD,40.27,36.66
2006,RBL BANK LTD,40.22,23.41
2006,SANGLI BANK LTD,81.03,59.22
2006,SBI COMMERCIAL & INTERNATIONAL BANK LTD,18.98,7.66
2006,SOUTH INDIAN BANK LTD,451.14,226.06
2006,TAMILNAD MERCANTILE BANK LTD,302.33,129.70
2006,UNITED WESTERN BANK LTD,321.30,180.53
2006,YES BANK LTD.,104.72,86.12
2006,AB BANK LIMITED,0.38,2.29
2006,ABU DHABI COMMERCIAL BANK PJSC,101.07,14.00
2006,AMERICAN EXPRESS BANK LTD,154.46,301.03
2006,"BANK OF AMERICA , NATIONAL ASSOCIATION",147.01,112.67
2006,BANK OF BAHRAIN & KUWAIT B.S.C.,19.94,11.61
2006,BANK OF CEYLON,4.11,2.54
2006,BANK OF NOVA SCOTIA,129.68,33.84
2006,BARCLAYS BANK PLC,28.16,51.81
2006,BNP PARIBAS,113.14,104.20
2006,CITIBANK N.A,1005.71,1524.64
2006,CREDIT AGRICOLE CORPORATE AND INVESTMENT BANK,104.60,52.75
2006,"CTBC BANK CO., LTD.",2.85,3.73
2006,DBS BANK INDIA LIMITED,60.46,39.03
2006,DEUTSCHE BANK AG,368.30,466.13
2006,HONGKONG AND SHANGHAI BANKING CORPN.LTD.,827.88,1025.24
2006,HSBC BANK OMAN S.A.O.G.,13.79,5.56
2006,JPMORGAN CHASE BANK NATIONAL ASSOCIATION,51.57,42.49
2006,KBC BANK NV,21.47,7.25
2006,KRUNG THAI BANK PUBLIC COMPANY LIMITED,0.67,3.25
2006,MASHREQ BANK PSC,18.50,4.02
2006,MIZUHO BANK LTD,11.34,9.09
2006,"MUFG BANK, LTD.",29.79,42.20
2006,PT BANK MAYBANK INDONESIA TBK,0.92,2.67
2006,SBM BANK (INDIA) LIMITED,24.68,4.87
2006,SHINHAN BANK,7.14,4.93
2006,SOCIETE GENERALE,51.77,30.38
2006,SONALI BANK,0.79,3.31
2006,STANDARD CHARTERED BANK,1190.17,1201.10
2006,THE ROYAL BANK OF SCOTLAND PLC,659.16,747.51
2005,STATE BANK OF BIKANER AND JAIPUR,871.98,622.38
2005,STATE BANK OF HYDERABAD,1362.72,670.79
2005,STATE BANK OF INDIA,18483.38,10074.17
2005,STATE BANK OF INDORE,607.63,328.38
2005,STATE BANK OF MYSORE,623.03,479.10
2005,STATE BANK OF PATIALA,1156.96,479.00
2005,STATE BANK OF SAURASHTRA,624.22,253.87
2005,STATE BANK OF TRAVANCORE,1112.16,502.64
2005,ALLAHABAD BANK,1821.56,1070.13
2005,ANDHRA BANK,1212.92,829.46
2005,BANK OF BARODA,3452.15,1982.19
2005,BANK OF INDIA,3794.64,1932.32
2005,BANK OF MAHARASHTRA,1486.03,720.43
2005,CANARA BANK,4421.50,2108.97
2005,CENTRAL BANK OF INDIA,2829.93,1685.90
2005,CORPORATION BANK,1120.42,666.97
2005,DENA BANK,1038.58,615.60
2005,IDBI LIMITED,2467.87,453.96
2005,INDIAN BANK,1567.00,914.40
2005,INDIAN OVERSEAS BANK,2095.53,1158.53
2005,ORIENTAL BANK OF COMMERCE,2048.22,795.73
2005,PUNJAB AND SIND BANK,675.90,570.96
2005,PUNJAB NATIONAL BANK,4453.11,3277.96
2005,SYNDICATE BANK,2063.80,1264.20
2005,UCO BANK,2140.49,1085.31
2005,UNION BANK OF INDIA,2905.24,1257.49
2005,UNITED BANK OF INDIA,1217.73,704.20
2005,VIJAYA BANK,1109.78,538.41
2005,AXIS BANK LIMITED,1192.98,581.38
2005,BANK OF PUNJAB LIMITED,193.68,184.50
2005,BANK OF RAJASTHAN LTD,308.91,194.75
2005,BHARAT OVERSEAS BANK LTD,113.70,69.99
2005,CENTURION BANK OF PUNJAB LTD.,168.21,219.18
2005,CITY UNION BANK LIMITED,179.84,62.60
2005,CSB BANK LIMITED,222.00,113.88
2005,DCB BANK LIMITED,233.52,165.11
2005,DHANLAXMI BANK LIMITED,119.06,69.37
2005,FEDERAL BANK LTD,688.75,313.86
2005,GANESH BANK OF KURUNDWAD LTD,14.95,5.20
2005,HDFC BANK LTD.,1315.56,1085.40
2005,ICICI BANK LIMITED,6570.89,3299.15
2005,INDUSIND BANK LTD,718.89,265.02
2005,ING VYSYA BANK LTD,633.82,380.10
2005,JAMMU & KASHMIR BANK LTD,952.99,322.80
2005,KARNATAKA BANK LTD,523.04,197.33
2005,KARUR VYSYA BANK LTD,334.07,170.61
2005,KOTAK MAHINDRA BANK LTD.,194.82,224.50
2005,LAKSHMI VILAS BANK LTD,191.54,90.28
2005,LORD KRISHNA BANK LTD,138.35,58.92
2005,NAINITAL BANK LTD,36.48,25.37
2005,RBL BANK LTD,38.75,22.26
2005,SANGLI BANK LTD,86.34,53.52
2005,SBI COMMERCIAL & INTERNATIONAL BANK LTD,16.53,7.66
2005,SOUTH INDIAN BANK LTD,452.07,187.08
2005,TAMILNAD MERCANTILE BANK LTD,281.57,124.88
2005,UNITED WESTERN BANK LTD,340.09,140.21
2005,YES BANK LTD.,11.85,39.94
2005,AB BANK LIMITED,0.35,2.07
2005,ABU DHABI COMMERCIAL BANK PJSC,137.90,47.36
2005,AMERICAN EXPRESS BANK LTD,151.18,291.96
2005,"BANK OF AMERICA , NATIONAL ASSOCIATION",127.57,90.98
2005,BANK OF BAHRAIN & KUWAIT B.S.C.,21.78,13.18
2005,BANK OF CEYLON,5.31,2.41
2005,BANK OF NOVA SCOTIA,107.54,34.63
2005,BARCLAYS BANK PLC,8.57,31.38
2005,BNP PARIBAS,90.63,96.67
2005,CITIBANK N.A,752.10,1222.88
2005,CREDIT AGRICOLE CORPORATE AND INVESTMENT BANK,97.92,53.00
2005,"CTBC BANK CO., LTD.",3.31,4.50
2005,DBS BANK INDIA LIMITED,8.51,18.46
2005,DEUTSCHE BANK AG,304.71,274.72
2005,HONGKONG AND SHANGHAI BANKING CORPN.LTD.,644.44,698.48
2005,HSBC BANK OMAN S.A.O.G.,14.85,5.19
2005,ING BANK N.V.,,0.53
2005,JPMORGAN CHASE BANK NATIONAL ASSOCIATION,16.26,26.95
2005,KBC BANK NV,9.89,7.62
2005,KRUNG THAI BANK PUBLIC COMPANY LIMITED,0.57,2.42
2005,MASHREQ BANK PSC,24.60,3.66
2005,MIZUHO BANK LTD,5.82,8.15
2005,"MUFG BANK, LTD.",15.83,33.84
2005,PT BANK MAYBANK INDONESIA TBK,0.68,2.81
2005,SBM BANK (INDIA) LIMITED,22.64,4.60
2005,SHINHAN BANK,2.88,4.41
2005,SOCIETE GENERALE,21.57,16.58
2005,SONALI BANK,0.81,3.01
2005,STANDARD CHARTERED BANK,1107.45,842.18
2005,THE ROYAL BANK OF SCOTLAND PLC,333.81,566.84
2005,UFJ BANK LTD,1.99,5.94
